away_name,away_abbr,home_name,home_abbr,week,win_perc_dif,first_downs_dif,fumbles_dif,interceptions_dif,net_pass_yards_dif,pass_attempts_dif,pass_completions_dif,pass_touchdowns_dif,pass_yards_dif,penalties_dif,points_dif,rush_attempts_dif,rush_touchdowns_dif,rush_yards_dif,time_of_possession_dif,times_sacked_dif,total_yards_dif,turnovers_dif,yards_from_penalties_dif,yards_lost_from_sacks_dif,fourth_down_perc_dif,third_down_perc_dif,result,elo_dif,qb_dif
New York Giants,nyg,Washington Football Team,was,2,0.0,4.0,-2.0,0.0,121.0,16.0,8.0,0.0,132.0,-4.0,-3.0,-7.0,1.0,-66.0,55.0,1.0,55.0,0.0,-9.0,11.0,-0.6666666666666667,0.2,0.0,-50.84865820578011,100.31697253498896
Cincinnati Bengals,cin,Chicago Bears,chi,2,1.0,-4.0,-1.0,-1.0,29.0,-13.0,-9.0,2.0,45.0,0.0,13.0,10.0,-1.0,15.0,-23.0,2.0,44.0,-2.0,-20.0,16.0,0.6666666666666666,-0.2402597402597402,0.0,-51.74273122759996,34.6160246962817
New Orleans Saints,nor,Carolina Panthers,car,2,0.0,4.0,-1.0,0.0,-119.0,-14.0,-9.0,4.0,-128.0,0.0,19.0,12.0,-1.0,60.0,196.0,-1.0,-59.0,-1.0,-2.0,-9.0,1.0,0.2142857142857143,0.0,204.62765380017004,54.98387410987053
Las Vegas Raiders,rai,Pittsburgh Steelers,pit,2,0.0,10.0,0.0,1.0,232.0,24.0,16.0,1.0,247.0,5.0,10.0,0.0,2.0,7.0,445.0,1.0,239.0,1.0,30.0,15.0,0.0,0.1333333333333333,1.0,-62.282436220169984,-14.386838375309082
San Francisco 49ers,sfo,Philadelphia Eagles,phi,2,0.0,-3.0,0.0,0.0,50.0,-9.0,-9.0,-1.0,55.0,-7.0,9.0,-3.0,1.0,-42.0,-270.0,0.0,8.0,2.0,-10.0,5.0,0.0,-0.1282051282051282,1.0,36.87470911681999,-13.318243341872716
New England Patriots,nwe,New York Jets,nyj,2,0.0,8.0,3.0,-1.0,61.0,2.0,9.0,-1.0,23.0,3.0,2.0,13.0,0.0,80.0,483.0,-5.0,141.0,1.0,54.0,-38.0,-0.5,0.3798076923076923,1.0,122.88322057007008,21.24644384480044
Buffalo Bills,buf,Miami Dolphins,mia,2,-1.0,6.0,4.0,-1.0,69.0,24.0,14.0,0.0,68.0,3.0,-1.0,2.0,-1.0,43.0,600.0,1.0,112.0,0.0,53.0,-1.0,0.3333333333333333,0.0808080808080807,1.0,61.13492429256007,115.468364464531
Denver Broncos,den,Jacksonville Jaguars,jax,2,1.0,4.0,0.0,-3.0,-64.0,-15.0,0.0,-1.0,-68.0,-5.0,6.0,12.0,1.0,89.0,612.0,1.0,25.0,-2.0,-31.0,-4.0,0.0,0.1939393939393939,1.0,156.60731719189994,63.30731135009758
Los Angeles Rams,ram,Indianapolis Colts,clt,2,1.0,-5.0,-1.0,0.0,89.0,-12.0,-5.0,1.0,70.0,2.0,18.0,-7.0,1.0,-39.0,-661.0,-2.0,50.0,-1.0,20.0,-19.0,1.0,0.1608391608391607,1.0,58.8187053178799,63.118541593776925
Houston Texans,htx,Cleveland Browns,cle,2,1.0,-2.0,-1.0,-1.0,-15.0,5.0,0.0,2.0,-30.0,0.0,8.0,15.0,-2.0,7.0,471.0,-1.0,-8.0,-2.0,20.0,-15.0,-0.75,0.2857142857142857,0.0,-75.88065344976985,-34.83643233187294
Atlanta Falcons,atl,Tampa Bay Buccaneers,tam,2,-1.0,-5.0,-1.0,-2.0,-243.0,-15.0,-11.0,-4.0,-215.0,1.0,-25.0,12.0,0.0,72.0,205.0,3.0,-171.0,-4.0,-7.0,28.0,0.3333333333333333,-0.2402597402597402,0.0,-221.95835613881013,-61.28928162077423
Minnesota Vikings,min,Arizona Cardinals,crd,2,-1.0,2.0,0.0,-1.0,56.0,18.0,16.0,-2.0,73.0,4.0,-14.0,-11.0,0.0,-69.0,108.0,1.0,-13.0,0.0,57.0,17.0,1.0,-0.1634615384615384,0.0,-53.81275343554989,-17.350165417079523
Tennessee Titans,oti,Seattle Seahawks,sea,2,-1.0,-1.0,1.0,1.0,-79.0,13.0,4.0,-3.0,-36.0,0.0,-15.0,-5.0,1.0,-54.0,146.0,3.0,-133.0,2.0,4.0,43.0,0.3333333333333333,-0.0873015873015872,1.0,-90.5223289250598,-2.621993351673268
Dallas Cowboys,dal,Los Angeles Chargers,sdg,2,-1.0,3.0,-1.0,0.0,57.0,11.0,11.0,2.0,66.0,2.0,9.0,-11.0,-1.0,-30.0,-96.0,-1.0,27.0,-1.0,-39.0,9.0,0.0,-0.2074303405572755,1.0,-65.74951745016006,57.55533866749494
Kansas City Chiefs,kan,Baltimore Ravens,rav,2,1.0,1.0,-4.0,0.0,107.0,6.0,8.0,2.0,102.0,0.0,6.0,-11.0,-1.0,-116.0,33.0,-1.0,-9.0,-2.0,-35.0,-5.0,-0.5,0.4423076923076923,0.0,69.37344232804003,39.63692743028136
Detroit Lions,det,Green Bay Packers,gnb,2,0.0,17.0,-1.0,-1.0,128.0,22.0,18.0,3.0,137.0,0.0,30.0,9.0,1.0,73.0,484.0,1.0,201.0,-2.0,4.0,9.0,-0.2666666666666666,0.1666666666666666,0.0,-220.58463113435005,-63.6764031093399
Carolina Panthers,car,Houston Texans,htx,3,0.5,3.5,-0.5,0.0,27.5,5.5,5.5,-0.5,33.0,-1.5,-6.5,-4.5,-0.5,-21.0,296.5,0.5,6.5,0.0,-20.5,5.5,0.0,-0.1576354679802955,1.0,58.05278513351004,47.06386446400485
Chicago Bears,chi,Cleveland Browns,cle,3,0.0,-3.0,-1.5,0.0,-116.0,7.5,2.0,0.0,-101.0,0.5,-13.0,0.0,-2.5,-26.0,128.5,1.0,-142.0,-0.5,6.5,15.0,-0.75,0.048076923076923,0.0,-50.21483961173999,-62.284710830313486
Washington Football Team,was,Buffalo Bills,buf,3,0.0,-1.5,-1.5,0.0,14.0,-8.5,0.5,0.0,11.0,1.5,-2.5,-3.0,-1.0,-23.5,-285.0,-1.0,-9.5,-0.5,1.5,-3.0,0.5,-0.1795231416549789,0.0,-187.45956397496,-173.85664927567825
Cincinnati Bengals,cin,Pittsburgh Steelers,pit,3,0.0,0.5,-0.5,1.0,-36.5,-7.5,-3.0,1.0,-7.5,-1.5,2.0,10.5,0.0,52.0,334.5,3.0,15.5,1.5,-1.5,29.0,0.5,-0.0416666666666666,1.0,-108.44875096808003,-63.43829083531597
Atlanta Falcons,atl,New York Giants,nyg,3,0.0,-1.0,0.5,1.5,-26.5,7.0,6.0,0.0,-26.0,1.5,-5.5,-1.0,-0.5,-22.0,176.5,-1.0,-48.5,1.0,9.5,0.5,-0.0476190476190476,-0.1063218390804597,1.0,38.54336529039006,11.804627904041638
New Orleans Saints,nor,New England Patriots,nwe,3,0.0,-6.5,-2.5,1.0,-98.0,-13.0,-12.5,2.0,-102.5,1.5,2.0,1.0,-0.5,-3.5,-255.5,0.0,-101.5,0.0,6.5,-4.5,0.5,-0.1666666666666666,1.0,90.68329646785014,31.207974216768022
Los Angeles Chargers,sdg,Kansas City Chiefs,kan,3,0.0,4.0,0.0,1.0,-10.0,10.5,5.5,-2.0,-2.5,4.0,-15.5,3.5,-0.5,25.0,306.0,1.0,15.0,1.0,55.5,7.5,1.0,0.0865874363327674,1.0,-149.53914191964986,-70.4531286488479
Arizona Cardinals,crd,Jacksonville Jaguars,jax,3,1.0,5.5,0.5,-1.0,109.0,-8.0,4.0,1.5,119.5,-2.0,19.0,11.0,1.0,44.0,574.5,1.5,153.0,-1.0,-26.5,10.5,0.0,0.1363636363636363,1.0,231.26427571863,148.60491128800652
Baltimore Ravens,rav,Detroit Lions,det,3,0.5,0.5,1.5,0.0,-51.5,-18.5,-13.5,-1.5,-55.0,-0.5,6.5,16.0,2.0,108.0,245.0,0.0,56.5,0.5,1.5,-3.5,0.3809523809523809,0.0579710144927536,1.0,226.18170881381,38.93632979011184
Miami Dolphins,mia,Las Vegas Raiders,rai,3,-0.5,-9.5,0.0,0.5,-226.0,-11.0,-10.5,-1.5,-216.5,-0.5,-21.0,-1.5,-0.5,5.5,-409.5,1.5,-220.5,1.5,4.5,9.5,-0.5,-0.0147783251231526,0.0,-26.44766439549994,-84.2488443723597
New York Jets,nyj,Denver Broncos,den,3,-1.0,-6.0,0.0,2.5,-83.0,0.0,-7.5,-1.0,-62.0,-1.0,-15.0,-5.0,-0.5,-32.0,-396.0,2.5,-115.0,2.0,-22.5,21.0,-0.6,0.0,0.0,-151.57046205749998,-101.11811865587912
Tampa Bay Buccaneers,tam,Los Angeles Rams,ram,3,0.0,3.0,1.0,0.5,28.0,15.0,8.5,2.0,28.0,7.0,9.0,-8.5,-1.0,-20.5,-36.0,0.5,7.5,1.5,69.0,0.0,0.0,-0.058695652173913,0.0,65.2005695196101,52.58149802808208
Seattle Seahawks,sea,Minnesota Vikings,min,3,0.5,-5.5,-1.0,0.0,-8.5,-14.0,-9.5,0.5,-4.5,1.0,0.5,-2.0,0.5,-13.5,-491.0,1.0,-22.0,0.0,10.5,4.0,-1.0,0.0732600732600732,0.0,100.07303878028006,-22.71292139096508
Green Bay Packers,gnb,San Francisco 49ers,sfo,3,-0.5,-2.5,-1.5,1.0,-43.5,3.0,1.0,0.5,-26.0,-1.0,-10.0,-10.0,-1.0,-54.5,-78.5,2.0,-98.0,0.5,-24.0,17.5,-0.3333333333333333,-0.0755148741418764,1.0,68.79023091038994,91.99142075089956
Philadelphia Eagles,phi,Dallas Cowboys,dal,3,0.0,-6.5,0.5,-1.0,-87.0,-13.0,-13.0,0.0,-93.0,3.0,-3.0,5.5,0.0,33.0,-221.0,0.0,-54.0,-1.0,7.5,-6.0,0.0,-0.1155555555555555,0.0,-17.083208589700007,-84.81348381282811
Jacksonville Jaguars,jax,Cincinnati Bengals,cin,4,-0.6666666666666666,1.9999999999999984,1.3333333333333337,1.0000000000000002,22.333333333333314,14.333333333333336,3.666666666666664,-0.6666666666666667,9.666666666666655,1.333333333333333,-5.0,-6.333333333333336,0.0,-1.3333333333333428,-299.3333333333335,-1.6666666666666667,21.0,1.3333333333333333,10.333333333333336,-12.666666666666666,0.5,-0.0606060606060606,0.0,-167.28198483628012,-53.64926675893388
Houston Texans,htx,Buffalo Bills,buf,4,-0.3333333333333333,-6.333333333333332,-0.3333333333333332,0.0,-41.333333333333314,-12.666666666666664,-7.333333333333336,-0.6666666666666667,-40.66666666666666,0.666666666666667,-9.0,-0.6666666666666643,-0.3333333333333332,-32.66666666666666,-262.0,0.6666666666666667,-74.0,-0.3333333333333333,5.0,0.6666666666666661,-0.3999999999999999,-0.0444664031620553,0.0,-242.36312973255008,-176.82092966024945
Washington Football Team,was,Atlanta Falcons,atl,4,0.0,-1.0,0.6666666666666667,0.0,3.0,-9.333333333333332,-7.0,0.3333333333333335,-8.0,0.0,6.333333333333332,2.666666666666668,0.3333333333333333,14.333333333333329,-280.66666666666674,-1.3333333333333337,17.33333333333337,0.3333333333333335,-0.3333333333333286,-11.0,0.5142857142857142,-0.0686274509803921,1.0,-4.518875922999996,-99.57047322665258
Kansas City Chiefs,kan,Philadelphia Eagles,phi,4,0.0,7.333333333333332,0.3333333333333332,0.3333333333333333,59.0,4.333333333333336,4.666666666666668,1.3333333333333333,53.333333333333314,-6.333333333333333,9.333333333333336,-0.3333333333333321,0.0,-22.333333333333343,163.0,-0.3333333333333335,36.666666666666686,1.3333333333333337,-31.33333333333333,-5.666666666666667,0.0,0.1463187325256291,1.0,181.43127705915003,101.2010072913338
Tennessee Titans,oti,New York Jets,nyj,4,0.6666666666666666,9.666666666666668,1.0,-1.3333333333333337,53.33333333333334,-0.6666666666666643,3.0,0.6666666666666666,44.66666666666666,-2.0,17.0,12.666666666666668,1.3333333333333333,79.33333333333334,365.66666666666674,-1.6666666666666663,132.66666666666669,0.0,-23.66666666666667,-8.666666666666668,0.1142857142857142,0.0916666666666666,0.0,212.19837023429,140.61776698842343
New York Giants,nyg,New Orleans Saints,nor,4,-0.6666666666666666,4.666666666666666,1.3333333333333333,-0.6666666666666666,129.0,13.333333333333332,9.666666666666668,-1.666666666666667,130.66666666666669,1.333333333333334,-5.666666666666664,-6.333333333333332,0.3333333333333333,-12.666666666666655,-8.333333333333258,0.333333333333333,116.33333333333331,0.0,5.333333333333329,1.666666666666668,-0.1666666666666666,0.065015479876161,1.0,-258.68628854482995,10.73958513085691
Cleveland Browns,cle,Minnesota Vikings,min,4,0.3333333333333333,-0.6666666666666679,0.3333333333333335,0.6666666666666666,-61.66666666666666,-13.333333333333332,-10.0,-2.0,-49.666666666666686,-0.6666666666666661,-0.3333333333333321,6.333333333333332,2.333333333333333,46.66666666666666,54.0,1.3333333333333333,-15.0,1.0,6.0,12.000000000000002,-0.4285714285714286,-0.0007575757575757,1.0,52.36886856932006,-71.68837644092159
Indianapolis Colts,clt,Miami Dolphins,mia,4,-0.3333333333333333,4.333333333333332,-1.0,0.0,39.666666666666686,-3.0,-2.333333333333332,0.6666666666666667,39.33333333333334,-4.333333333333333,3.666666666666668,1.3333333333333357,-0.6666666666666667,10.333333333333329,143.0,-0.666666666666667,50.0,-0.3333333333333332,-24.0,-0.3333333333333321,-0.0416666666666666,-0.0218676122931442,1.0,5.178282555669966,-25.261063237543297
Carolina Panthers,car,Dallas Cowboys,dal,4,0.3333333333333333,-2.6666666666666643,0.0,-0.3333333333333333,7.333333333333371,-1.3333333333333357,-4.333333333333336,-1.0,3.3333333333333144,-0.3333333333333339,-7.0,1.0,0.3333333333333335,-33.66666666666667,145.33333333333348,-0.3333333333333335,-26.33333333333337,-0.3333333333333333,-5.666666666666664,-4.0,-0.3333333333333333,-0.1134615384615384,0.0,28.88813704342988,-95.04630375567586
Detroit Lions,det,Chicago Bears,chi,4,-0.3333333333333333,8.666666666666666,-0.3333333333333333,0.0,156.66666666666669,13.333333333333336,12.0,1.3333333333333337,133.66666666666666,1.666666666666667,8.999999999999998,-1.0,0.3333333333333333,4.666666666666671,111.66666666666674,-3.0,161.33333333333334,0.0,1.3333333333333286,-23.0,0.2857142857142857,-0.0007949125596184,0.0,-110.8135363951601,110.99925899258557
Seattle Seahawks,sea,San Francisco 49ers,sfo,4,-0.3333333333333333,-4.333333333333332,-1.6666666666666667,-0.3333333333333333,37.66666666666666,-3.333333333333332,-0.6666666666666679,0.6666666666666667,43.333333333333314,1.666666666666667,-3.666666666666668,-8.0,-0.6666666666666667,2.6666666666666714,-405.33333333333326,0.9999999999999998,40.333333333333314,-1.0,-12.333333333333336,5.666666666666666,-1.0,-0.0912778904665314,1.0,25.41870417093014,59.60730845912235
Arizona Cardinals,crd,Los Angeles Rams,ram,4,0.0,1.666666666666668,0.0,1.0,18.0,2.666666666666668,4.0,-0.6666666666666665,21.0,4.333333333333334,2.666666666666668,2.666666666666668,1.0,26.33333333333333,294.33333333333326,0.6666666666666667,44.333333333333314,0.6666666666666666,34.0,3.0,0.5,-0.1880184331797235,1.0,-76.20322679046012,49.62939872181292
Pittsburgh Steelers,pit,Green Bay Packers,gnb,4,-0.3333333333333333,-2.0,0.3333333333333333,0.3333333333333333,33.33333333333334,11.666666666666668,6.0,-1.0,28.0,1.0,-6.0,-7.0,-0.3333333333333333,-26.66666666666667,-24.666666666666742,0.6666666666666665,6.666666666666629,0.0,-10.0,-5.333333333333334,-0.5,0.051937984496124,0.0,-127.6869641164501,-51.88067005003944
Baltimore Ravens,rav,Denver Broncos,den,4,-0.3333333333333333,-1.0,1.3333333333333337,1.0,-20.666666666666657,-2.666666666666668,-6.666666666666664,-0.3333333333333332,-22.00000000000003,-0.666666666666667,2.0,0.6666666666666679,0.6666666666666667,58.33333333333334,-282.33333333333326,0.333333333333333,37.666666666666686,1.0,-2.3333333333333286,-1.333333333333332,-0.25,-0.0483210483210482,1.0,83.74221843551004,31.77796680601193
Tampa Bay Buccaneers,tam,New England Patriots,nwe,4,0.3333333333333333,5.0,0.3333333333333332,-0.3333333333333333,123.66666666666669,7.0,5.333333333333336,2.666666666666667,116.66666666666666,3.0,16.333333333333336,-7.666666666666668,0.0,-35.333333333333336,-198.33333333333348,0.0,88.33333333333331,0.0,20.66666666666667,-7.000000000000002,-0.1666666666666666,-0.0301418439716312,1.0,152.4583205920801,138.69226378119316
Las Vegas Raiders,rai,Los Angeles Chargers,sdg,4,0.3333333333333333,1.333333333333332,0.6666666666666667,-0.3333333333333333,72.33333333333337,3.333333333333336,0.0,0.0,82.33333333333331,-0.9999999999999992,7.666666666666668,3.666666666666668,0.6666666666666667,4.0,255.99999999999977,0.9999999999999998,76.33333333333331,-0.6666666666666666,-12.333333333333329,9.999999999999998,-0.6666666666666667,-0.0825027685492802,0.0,11.862365171820102,2.556967252144119
Los Angeles Rams,ram,Seattle Seahawks,sea,5,0.25,3.75,0.0,0.5,55.0,6.5,3.25,0.5,44.5,-3.5,3.0,2.0,-0.75,-14.0,133.0,-2.0,41.0,0.75,-31.0,-10.5,0.3333333333333333,0.2101449275362318,1.0,15.147032986529894,0.210107095149624
New York Jets,nyj,Atlanta Falcons,atl,5,0.0,-4.75,0.0,1.25,-33.0,-5.5,-7.25,-1.0,-16.25,-0.25,-7.75,-2.0,0.0,-10.25,-109.25,2.0,-43.25,1.0,12.5,16.75,0.0,-0.05530253741054,0.0,-70.44247578650993,-117.15706741883136
Philadelphia Eagles,phi,Carolina Panthers,car,5,-0.5,-3.5,0.25,-0.25,-5.25,0.0,-0.75,0.5,-5.5,4.75,-0.75,-6.5,-1.0,15.25,-433.75,-0.75,10.0,-0.5,24.5,-0.25,-0.4571428571428571,0.0323450134770889,1.0,-88.16645973360983,27.01028609664033
New Orleans Saints,nor,Washington Football Team,was,5,0.0,-2.75,-1.25,0.0,-94.75,-8.5,-6.75,0.0,-87.0,-1.0,-1.75,7.75,0.25,29.5,307.5,0.75,-65.25,-0.5,-14.75,7.75,-0.3142857142857143,0.144482929242949,1.0,135.06153101067002,53.97032673695918
Miami Dolphins,mia,Tampa Bay Buccaneers,tam,5,-0.5,-7.5,0.5,0.0,-153.75,-8.5,-6.5,-1.75,-139.5,-1.75,-15.0,2.0,0.0,6.0,-103.0,1.5,-147.75,0.25,-23.25,14.25,0.0,-0.0742946708463949,0.0,-187.7818072870698,-104.6575156274508
Denver Broncos,den,Pittsburgh Steelers,pit,5,0.5,3.25,-0.5,-0.75,-14.5,-9.5,-4.25,0.25,-7.0,0.0,4.0,11.5,0.25,66.5,354.5,0.5,52.0,-0.5,11.25,7.5,1.0,-0.0936819172113289,0.0,11.973041923489973,-20.934839470934374
Detroit Lions,det,Minnesota Vikings,min,5,-0.25,1.25,0.25,0.25,-19.5,1.0,0.25,-0.5,-8.0,-0.25,-3.25,-2.75,0.5,-10.5,3.75,0.75,-30.0,0.75,-7.5,11.5,-0.3,-0.0595238095238095,0.0,-138.17002269650993,-34.88973566198868
Tennessee Titans,oti,Jacksonville Jaguars,jax,5,0.5,7.75,-0.25,-1.0,21.5,2.5,4.0,0.0,46.75,0.25,5.25,11.25,0.25,51.5,631.25,2.75,73.0,-0.5,5.5,25.25,-0.3,0.03954802259887,1.0,235.6607462444601,75.29547489992053
New England Patriots,nwe,Houston Texans,htx,5,0.0,4.5,-0.25,-0.25,63.0,12.75,11.25,-0.25,71.0,-1.25,1.0,-6.25,-0.25,-14.0,178.25,0.25,48.5,0.0,-8.5,8.0,0.3333333333333333,-0.0043800539083558,1.0,88.12708999193,63.26837406576421
Green Bay Packers,gnb,Cincinnati Bengals,cin,5,0.0,4.0,0.5,-0.5,-2.0,6.0,1.75,-0.25,-5.75,-0.75,0.75,0.5,0.25,-5.5,63.75,-0.5,-7.5,-0.25,1.0,-3.75,-0.0999999999999999,0.0666666666666666,1.0,155.92494598180997,74.10916384353041
Cleveland Browns,cle,Los Angeles Chargers,sdg,5,0.0,-1.25,0.5,-0.25,-71.25,-13.0,-9.75,-1.75,-60.75,-2.25,1.25,9.0,1.75,69.5,123.25,1.25,-1.75,0.0,-21.25,10.5,-0.3,-0.0791443850267379,0.0,28.461455016270065,-59.582407928971264
Chicago Bears,chi,Las Vegas Raiders,rai,5,-0.25,-5.75,-0.75,0.0,-211.75,-17.25,-12.0,-1.75,-197.5,-1.75,-10.0,3.25,0.5,42.25,-252.75,1.0,-169.5,0.25,-12.25,14.25,-0.1904761904761904,-0.1396825396825396,1.0,-37.940556814420006,-129.47186558220517
New York Giants,nyg,Dallas Cowboys,dal,5,-0.5,-6.0,0.25,-0.25,27.5,2.75,-1.0,-1.5,29.5,-0.25,-10.75,-7.25,-0.25,-64.25,-130.75,0.25,-36.75,0.0,-2.75,2.0,-0.1666666666666666,-0.0714285714285714,0.0,-96.41747027711996,-67.2802097441506
San Francisco 49ers,sfo,Arizona Cardinals,crd,5,-0.5,-0.25,0.75,-0.5,-42.75,0.75,-3.5,-0.25,-46.5,-0.75,-8.25,-2.0,-0.5,-22.0,-154.75,-0.25,-64.75,0.5,20.75,-3.75,-0.1999999999999999,-0.0568181818181818,0.0,-97.09801973146,-137.57355052531096
Buffalo Bills,buf,Kansas City Chiefs,kan,5,0.25,-2.25,1.0,-0.5,-38.5,4.5,-0.25,-1.25,-38.5,-0.25,0.0,6.25,0.75,15.0,231.0,0.0,-23.5,-0.75,2.5,0.0,0.4285714285714285,-0.141025641025641,1.0,30.196115225259973,-15.940380419851778
Indianapolis Colts,clt,Baltimore Ravens,rav,5,-0.5,-0.5,-0.75,-0.25,-41.5,4.75,3.75,0.25,-33.0,-2.0,-5.5,-5.0,-1.0,-52.5,23.75,-0.25,-94.0,-0.25,-14.25,8.5,-0.3214285714285714,0.0325490196078431,0.0,-93.52923258041004,-88.87634783220405
Tampa Bay Buccaneers,tam,Philadelphia Eagles,phi,6,0.4,5.599999999999998,-0.1999999999999999,-0.1999999999999999,93.2,9.0,6.799999999999997,1.6,88.60000000000002,-2.0,10.4,-2.0,-0.1999999999999999,-34.400000000000006,211.79999999999995,-0.1999999999999999,58.79999999999996,0.1999999999999999,2.0,-4.600000000000001,0.375,0.081622678396872,1.0,230.12555889220016,89.5966608044333
Miami Dolphins,mia,Jacksonville Jaguars,jax,6,0.2,-3.1999999999999997,0.4000000000000001,-1.0,-27.19999999999999,2.799999999999997,3.1999999999999997,-0.1999999999999999,-14.599999999999994,1.0,-2.8000000000000007,-5.399999999999999,-0.6,-59.0,16.59999999999991,1.6,-86.19999999999999,-0.6000000000000001,2.6000000000000014,12.6,-0.125,0.0265734265734265,0.0,179.99777106762986,-2.8497418461794557
Green Bay Packers,gnb,Chicago Bears,chi,6,0.2,3.8000000000000007,-0.4,0.0,133.8,9.6,7.599999999999998,1.6,116.20000000000002,-1.7999999999999998,7.199999999999999,-4.600000000000001,-0.6,-26.200000000000003,118.20000000000005,-1.4,107.60000000000002,0.1999999999999999,-14.4,-17.599999999999998,0.2571428571428571,0.1009852216748768,1.0,118.73009183075987,173.46055129189477
Minnesota Vikings,min,Carolina Panthers,car,6,-0.1999999999999999,-1.3999999999999986,0.1999999999999999,-0.7999999999999999,13.400000000000006,1.7999999999999972,2.8000000000000007,0.8,8.199999999999989,-0.2000000000000001,-0.3999999999999986,-2.599999999999998,-1.2,6.0,-222.39999999999984,-0.9999999999999998,19.400000000000038,-0.5999999999999999,7.200000000000003,-5.200000000000001,0.0,0.0089514066496163,1.0,8.042330228450055,84.5167735714312
Kansas City Chiefs,kan,Washington Football Team,was,6,0.0,6.199999999999999,0.3999999999999999,0.1999999999999999,52.79999999999998,6.0,6.0,1.6,53.80000000000001,-0.5999999999999996,6.199999999999999,-1.8000000000000007,-0.4,19.39999999999999,123.40000000000008,0.1999999999999999,72.19999999999999,0.8000000000000003,-11.6,1.0,-0.6,0.2831505483549352,1.0,154.55841247266994,179.4890477657455
Los Angeles Chargers,sdg,Baltimore Ravens,rav,6,0.0,1.6000000000000014,-0.3999999999999999,0.0,11.199999999999989,8.200000000000003,5.400000000000002,1.0,11.399999999999975,1.2000000000000002,1.1999999999999993,-5.0,-0.1999999999999999,-40.400000000000006,-119.0,-0.8,-29.200000000000045,-0.1999999999999999,14.600000000000009,0.1999999999999993,0.125,0.1404665314401622,0.0,-65.39624416726997,-14.05560340966352
Los Angeles Rams,ram,New York Giants,nyg,6,0.6000000000000001,1.400000000000002,-0.3999999999999999,0.0,25.399999999999977,-2.200000000000003,0.0,1.4,21.799999999999955,-2.8000000000000003,7.599999999999998,1.6000000000000014,-0.1999999999999999,2.200000000000003,-30.59999999999991,-0.8,27.59999999999997,0.0,-15.799999999999995,-3.6000000000000005,0.0,0.0789170506912443,1.0,214.08621164470011,41.09646651162785
Cincinnati Bengals,cin,Detroit Lions,det,6,0.6,-6.399999999999999,-1.0,0.6,-1.799999999999983,-10.4,-5.399999999999999,0.8000000000000003,-6.800000000000011,-0.5999999999999996,3.1999999999999997,1.3999999999999986,-0.2,-4.0,20.399999999999864,0.0,-5.800000000000011,0.0,1.2000000000000028,-5.0,0.393939393939394,0.0514527845036319,1.0,115.82336740807,-1.5430470648189498
Houston Texans,htx,Indianapolis Colts,clt,6,0.0,-8.000000000000002,0.8,0.6,-46.39999999999998,-7.600000000000001,-5.0,0.2000000000000001,-52.39999999999998,3.3999999999999995,-3.8000000000000007,-1.0,0.0,-34.400000000000006,-310.4000000000001,0.0,-80.79999999999995,0.6000000000000001,22.2,-6.0,0.1666666666666667,0.0244678248103743,0.0,-134.01507486103014,-64.52162278643299
Arizona Cardinals,crd,Cleveland Browns,cle,6,0.4,-0.7999999999999972,0.4000000000000001,0.4,55.19999999999999,4.0,5.400000000000002,1.2,54.39999999999998,0.3999999999999994,3.0,-4.800000000000001,-0.7999999999999998,-59.6,-149.80000000000018,-0.6000000000000001,-4.400000000000034,0.1999999999999999,-11.6,-0.8000000000000007,0.5454545454545454,0.0105820105820105,1.0,41.81191012735985,77.48652967250607
Dallas Cowboys,dal,New England Patriots,nwe,6,0.4,6.799999999999997,0.0,-0.4,27.0,-5.199999999999996,-2.799999999999997,1.6,20.399999999999977,0.7999999999999998,14.8,10.8,0.6,92.4,100.20000000000005,-0.4000000000000001,119.8,-0.8,0.8000000000000043,-6.600000000000001,-0.1666666666666667,0.0832932113625421,1.0,30.817645537629915,125.47029637122816
Las Vegas Raiders,rai,Denver Broncos,den,6,0.0,0.8000000000000007,1.0,0.4,59.19999999999999,7.0,3.0,0.2000000000000001,62.39999999999998,1.5999999999999996,2.200000000000003,-1.8000000000000007,0.2,-40.0,-37.0,0.2000000000000001,19.19999999999999,0.0,10.400000000000006,3.200000000000003,-0.5555555555555556,0.1285714285714285,1.0,17.760917921730197,13.716988276776192
Seattle Seahawks,sea,Pittsburgh Steelers,pit,6,0.0,0.3999999999999986,-0.1999999999999999,-0.4,1.0,-10.6,-4.800000000000001,1.0000000000000002,8.199999999999989,-0.7999999999999998,5.199999999999999,3.0,0.4,30.40000000000001,-237.0,0.3999999999999999,31.399999999999977,-0.6,-1.2000000000000028,7.199999999999999,0.0,-0.0924551638837353,0.0,52.01133230552,-55.20056212787391
Buffalo Bills,buf,Tennessee Titans,oti,6,0.2,-1.7999999999999972,0.8,-0.1999999999999999,48.6,2.200000000000003,1.0,1.2,24.40000000000001,0.2000000000000001,8.0,-3.1999999999999997,-0.2000000000000001,-27.40000000000001,-148.0,-3.0,21.19999999999999,-0.5999999999999999,5.799999999999997,-24.2,-0.1269841269841269,0.10703933747412,0.0,151.51381062267,100.8909271599639
Denver Broncos,den,Cleveland Browns,cle,7,0.0,-1.166666666666668,-0.8333333333333333,0.3333333333333333,23.0,7.166666666666668,5.666666666666668,0.6666666666666667,24.50000000000003,-0.3333333333333339,-5.0,-6.833333333333336,-1.5,-51.0,-10.333333333333483,0.1666666666666665,-28.0,0.1666666666666665,-13.499999999999991,1.5,0.35,-0.0848603451343177,0.0,-90.57129064095012,36.10375419925988
Washington Football Team,was,Green Bay Packers,gnb,7,-0.5,-1.0,0.5,0.5,-4.166666666666657,1.833333333333336,0.0,-0.5,-16.833333333333314,2.333333333333333,-1.333333333333332,-0.5,0.1666666666666667,-3.1666666666666714,-214.66666666666677,-1.3333333333333337,-7.333333333333314,0.6666666666666666,12.833333333333336,-12.666666666666668,0.0999999999999999,-0.0637842465753424,0.0,-233.01969297505,-147.27662424438444
Cincinnati Bengals,cin,Baltimore Ravens,rav,7,-0.1666666666666667,-6.333333333333332,-1.1666666666666667,0.3333333333333333,-28.166666666666657,-3.166666666666668,-1.1666666666666643,1.0,-23.16666666666669,-1.0,-3.666666666666664,-4.666666666666668,-1.0,-48.99999999999999,-114.0,0.0,-77.16666666666669,0.0,-14.666666666666664,5.0,0.0,0.0285938112025068,1.0,-169.38070230616995,-67.17043463048324
Kansas City Chiefs,kan,Tennessee Titans,oti,7,-0.1666666666666666,3.666666666666668,0.6666666666666666,0.6666666666666666,88.0,6.5,6.333333333333332,2.0,69.0,-0.5,3.1666666666666643,-6.666666666666668,-1.1666666666666663,-39.16666666666666,-161.83333333333348,-1.6666666666666667,48.833333333333314,1.0000000000000002,-12.166666666666671,-19.0,-0.2666666666666666,0.2154411764705882,0.0,58.71415360284004,93.78184493797416
Carolina Panthers,car,New York Giants,nyg,7,0.3333333333333333,2.0,-0.5,0.1666666666666667,-26.49999999999997,-1.6666666666666643,-1.5,0.3333333333333333,-24.5,0.666666666666667,4.833333333333332,5.333333333333332,0.3333333333333332,19.66666666666667,293.6666666666665,1.0,-6.833333333333371,0.1666666666666667,-0.3333333333333357,1.9999999999999984,0.2142857142857143,-0.0266233766233765,0.0,77.8124906249302,-24.03410934998665
New York Jets,nyj,New England Patriots,nwe,7,-0.1333333333333333,-3.566666666666668,-0.3333333333333332,0.8,-42.66666666666666,-1.2999999999999972,-5.733333333333331,-0.3666666666666667,-29.433333333333337,1.0,-7.433333333333332,-1.8666666666666671,-0.2333333333333334,-13.0,-96.5,1.4333333333333336,-55.333333333333314,-0.0333333333333332,10.833333333333336,13.23333333333333,-0.3809523809523809,-0.0401002506265664,0.0,-138.09991988708998,-63.54539717152704
Atlanta Falcons,atl,Miami Dolphins,mia,7,0.2333333333333333,4.266666666666669,-0.2666666666666668,-0.0666666666666666,36.1,1.8999999999999984,2.5333333333333314,0.8333333333333333,28.566666666666634,0.0999999999999996,4.5,5.433333333333334,-0.0999999999999999,19.5,242.3333333333333,-1.0666666666666664,55.60000000000002,-0.3,5.100000000000001,-7.533333333333331,-0.125,0.0680894308943089,1.0,8.801871637830118,69.83064913993837
Detroit Lions,det,Los Angeles Rams,ram,7,-0.8333333333333334,0.1666666666666678,0.0,-0.1666666666666667,-68.33333333333334,6.166666666666671,3.333333333333332,-1.4999999999999998,-55.49999999999997,2.166666666666667,-11.666666666666664,-4.166666666666668,0.0,-11.666666666666671,22.666666666666742,1.5,-80.0,0.1666666666666665,10.833333333333336,12.833333333333334,-0.3589743589743589,-0.1042643923240937,0.0,-316.42557543605017,-58.23271966395737
Philadelphia Eagles,phi,Las Vegas Raiders,rai,7,-0.3333333333333333,-1.0,-0.1666666666666665,0.0,-72.99999999999997,-3.8333333333333286,-3.1666666666666643,-0.3333333333333335,-77.66666666666666,1.333333333333333,-1.666666666666668,-2.0,0.1666666666666667,33.83333333333334,-306.83333333333326,-0.8333333333333335,-39.166666666666686,0.1666666666666667,-3.000000000000007,-4.666666666666666,-0.1111111111111111,-0.0185185185185184,0.0,-87.8894326509801,-21.7420666120195
Houston Texans,htx,Arizona Cardinals,crd,7,-0.8333333333333334,-7.499999999999998,-0.5,0.5000000000000001,-65.16666666666666,-2.0,-4.166666666666668,-1.0000000000000002,-68.83333333333334,0.8333333333333339,-17.0,-5.166666666666664,-0.8333333333333333,-43.49999999999999,-262.33333333333326,0.3333333333333335,-108.66666666666669,1.0,7.833333333333336,-3.666666666666666,-0.3749999999999999,0.0056935817805383,0.0,-270.82591724651,-169.26527686837687
Chicago Bears,chi,Tampa Bay Buccaneers,tam,7,-0.3333333333333333,-8.0,0.0,0.1666666666666666,-223.5,-20.166666666666668,-16.0,-2.333333333333333,-200.5,-1.5,-16.166666666666668,6.833333333333336,0.1666666666666667,43.66666666666667,-173.5,2.1666666666666665,-179.83333333333334,-0.1666666666666666,-22.0,23.0,-0.1777777777777777,-0.160337552742616,0.0,-180.84453546748,-205.46633464265895
Indianapolis Colts,clt,San Francisco 49ers,sfo,7,-0.0666666666666667,-0.8666666666666671,-0.7333333333333333,-0.2666666666666666,-2.866666666666646,-0.2000000000000028,0.3999999999999986,-0.1,5.866666666666674,-2.2,-0.2333333333333307,-2.3000000000000007,-0.3666666666666666,2.1666666666666714,7.2666666666666515,0.5333333333333334,-0.6999999999999886,-0.5666666666666665,-31.26666666666666,8.733333333333333,0.0555555555555555,0.0243494867510145,1.0,46.21957569148003,5.382267024940092
New Orleans Saints,nor,Seattle Seahawks,sea,7,0.2666666666666666,-1.1333333333333329,-0.9666666666666668,0.4666666666666667,-63.93333333333334,-5.0,-5.9,0.3999999999999999,-75.19999999999999,0.1666666666666669,2.0666666666666664,7.366666666666667,0.0,15.133333333333326,240.06666666666683,-1.2,-48.80000000000001,0.3333333333333333,2.5333333333333385,-11.266666666666667,0.5,0.1031656302996043,1.0,84.11218094712012,27.95837621179612
Green Bay Packers,gnb,Arizona Cardinals,crd,8,-0.1428571428571429,-2.2857142857142847,-1.1428571428571428,-0.2857142857142857,-29.71428571428569,0.7142857142857117,-1.1428571428571423,-0.2857142857142856,-32.0,-2.2857142857142856,-8.142857142857146,-7.571428571428573,-0.7142857142857144,-34.571428571428584,-112.14285714285712,0.1428571428571428,-64.28571428571433,0.0,-11.571428571428577,-2.2857142857142847,-0.4285714285714286,-0.0233918128654971,1.0,12.472616673929906,9.104680410359803
Miami Dolphins,mia,Buffalo Bills,buf,8,-0.5238095238095237,-5.619047619047617,-0.2380952380952381,0.3571428571428571,-53.4047619047619,0.9047619047619052,1.404761904761905,-0.9285714285714286,-43.23809523809527,-0.2380952380952381,-15.690476190476192,-9.26190476190476,-0.7380952380952381,-50.52380952380952,-253.42857142857133,1.0952380952380951,-103.92857142857144,0.738095238095238,-9.92857142857143,10.166666666666668,0.125,-0.0806451612903226,0.0,-254.3704741059801,-124.93510939704956
Carolina Panthers,car,Atlanta Falcons,atl,8,-0.0714285714285714,-0.6428571428571423,-0.4761904761904761,0.4761904761904761,-40.190476190476176,-3.595238095238095,-5.380952380952383,-1.0,-32.571428571428584,0.7142857142857144,-1.6428571428571423,2.5476190476190474,0.6428571428571428,14.023809523809533,113.11904761904748,1.9285714285714284,-26.16666666666669,0.2380952380952381,-5.88095238095238,7.619047619047619,0.2613636363636363,-0.1430340557275542,1.0,-28.98566581753994,-108.25713139821852
Cincinnati Bengals,cin,New York Jets,nyj,8,0.5476190476190477,1.7142857142857153,-0.5714285714285714,-0.6904761904761905,62.38095238095238,-5.071428571428573,0.3333333333333321,1.738095238095238,52.0952380952381,-2.3809523809523814,13.666666666666666,6.404761904761905,0.0476190476190476,34.85714285714286,204.90476190476195,-0.9047619047619052,97.23809523809524,-0.7142857142857142,-21.59523809523809,-10.285714285714285,0.4777777777777777,-0.0170901391409559,0.0,218.84588877963984,138.8024132134289
Los Angeles Rams,ram,Houston Texans,htx,8,0.7142857142857142,7.571428571428571,-0.5714285714285715,-0.2857142857142857,107.2857142857143,4.0,3.571428571428573,1.5714285714285716,101.28571428571428,-3.2857142857142856,15.714285714285715,1.2857142857142847,0.2857142857142857,14.714285714285722,44.85714285714289,-1.2857142857142856,122.0,-0.7142857142857142,-27.571428571428577,-6.0,0.0714285714285714,0.0729381443298969,1.0,272.91190037010006,145.9714037053011
Philadelphia Eagles,phi,Detroit Lions,det,8,0.2857142857142857,-2.0,0.5714285714285715,-0.2857142857142857,-5.142857142857139,-4.714285714285715,-4.857142857142858,0.2857142857142858,-10.571428571428584,1.8571428571428577,4.428571428571431,-0.1428571428571459,0.4285714285714285,18.428571428571416,-221.0,-0.4285714285714284,13.285714285714278,-0.4285714285714286,7.285714285714285,-5.428571428571431,-0.0416666666666666,0.0588235294117646,1.0,100.40830709813008,22.497348670648165
Tennessee Titans,oti,Indianapolis Colts,clt,8,0.2857142857142857,3.1428571428571423,-0.4285714285714285,0.4285714285714286,-2.571428571428584,1.0,1.142857142857146,-0.4285714285714286,4.0,2.0,3.4285714285714306,5.285714285714288,0.8571428571428572,27.857142857142847,158.71428571428578,0.8571428571428572,25.28571428571428,0.2857142857142858,13.85714285714286,6.571428571428573,0.0,0.0356777493606138,1.0,28.82426050894992,26.44880740248317
Pittsburgh Steelers,pit,Cleveland Browns,cle,8,-0.0714285714285714,-3.619047619047617,-0.1428571428571428,0.238095238095238,19.666666666666657,9.309523809523808,5.785714285714285,0.1666666666666667,12.64285714285714,-0.666666666666667,-5.214285714285715,-10.595238095238098,-1.190476190476191,-89.26190476190474,-187.2619047619046,-0.7142857142857144,-69.59523809523813,0.1666666666666667,-23.214285714285708,-7.023809523809524,-0.4375,0.0045454545454545,1.0,-32.558303884349925,31.057461468176854
San Francisco 49ers,sfo,Chicago Bears,chi,8,-0.0952380952380952,3.095238095238095,0.2380952380952381,-0.1666666666666666,108.90476190476193,6.309523809523807,3.833333333333332,1.0714285714285714,88.1904761904762,0.333333333333333,8.071428571428571,-1.1428571428571423,0.1666666666666667,-10.833333333333329,57.33333333333326,-1.8809523809523807,98.07142857142858,0.4047619047619046,27.83333333333333,-20.714285714285715,0.3,0.0017857142857142,1.0,-21.96379408035,68.29095806549874
Jacksonville Jaguars,jax,Seattle Seahawks,sea,8,-0.119047619047619,1.9523809523809528,0.3333333333333332,1.0476190476190474,15.73809523809524,8.0,2.2142857142857157,-0.6904761904761905,0.8809523809523796,-0.0238095238095237,-2.095238095238095,-0.928571428571427,0.3095238095238096,14.11904761904762,7.928571428571331,-1.6190476190476188,29.857142857142836,1.4285714285714286,0.5952380952380949,-14.857142857142858,0.6363636363636365,-0.0016356573297893,0.0,-220.6395906926998,6.210515162365482
New England Patriots,nwe,Los Angeles Chargers,sdg,8,-0.238095238095238,-2.0,0.3095238095238094,0.1904761904761904,-23.26190476190476,-4.88095238095238,-1.1190476190476168,-0.9047619047619048,-19.73809523809524,-1.166666666666667,0.9047619047619052,0.8333333333333321,0.4523809523809524,1.0476190476190368,33.85714285714289,0.1666666666666667,-22.5,0.5714285714285714,-12.857142857142854,3.523809523809524,0.0833333333333333,-0.0068181818181817,1.0,-54.30282332197999,-79.90918128957324
Tampa Bay Buccaneers,tam,New Orleans Saints,nor,8,0.1904761904761904,8.166666666666668,0.6428571428571428,-0.238095238095238,148.11904761904762,18.309523809523814,14.38095238095238,0.8333333333333335,145.33333333333334,0.6904761904761898,9.952380952380953,-7.595238095238095,0.1666666666666666,-21.35714285714286,91.61904761904748,-0.5476190476190474,126.76190476190476,0.0,12.714285714285708,-2.7857142857142865,-0.1964285714285715,0.0922457823866275,0.0,60.31177283764987,114.70527342438254
Washington Football Team,was,Denver Broncos,den,8,-0.1428571428571428,0.571428571428573,1.0,0.1428571428571429,-10.428571428571416,-1.5714285714285694,-2.8571428571428577,-0.2857142857142856,-20.428571428571445,0.4285714285714288,0.8571428571428577,2.2857142857142847,0.2857142857142857,12.42857142857143,-171.42857142857133,-1.5714285714285714,2.0,0.2857142857142856,4.142857142857139,-10.0,-0.2692307692307693,0.0270562770562771,0.0,-19.450906266419903,-51.20657436819407
Dallas Cowboys,dal,Minnesota Vikings,min,8,0.3333333333333333,5.0,0.0,0.3333333333333333,10.166666666666686,-3.833333333333336,-1.333333333333332,0.5,9.166666666666629,0.5,9.666666666666664,4.000000000000004,0.6666666666666667,36.500000000000014,28.666666666666515,0.0,46.66666666666663,0.3333333333333333,0.8333333333333428,-1.0,-0.0999999999999999,0.0666666666666666,1.0,38.36224682498005,-227.73260721382545
New York Giants,nyg,Kansas City Chiefs,kan,8,-0.1428571428571428,-6.142857142857142,-0.2857142857142856,-0.4285714285714287,-40.57142857142861,-3.5714285714285694,-4.0,-1.7142857142857144,-33.71428571428572,0.0,-7.0,0.2857142857142847,0.2857142857142857,-26.42857142857143,-35.0,0.0,-67.0,-1.1428571428571426,-3.0,6.857142857142856,-0.0454545454545454,-0.1825234789710086,0.0,-172.38685769517997,-99.09636850970168
New York Jets,nyj,Indianapolis Colts,clt,9,-0.0892857142857143,-2.8392857142857157,-0.25,1.3571428571428572,1.9821428571428608,3.0535714285714306,2.0357142857142847,-0.6071428571428572,12.125,1.9821428571428568,-8.714285714285715,-5.357142857142858,-0.2857142857142857,-46.42857142857143,-151.8571428571429,1.1428571428571428,-44.44642857142856,0.8928571428571428,10.42857142857143,10.142857142857142,-0.3931623931623932,0.029247752361443,0.0,-201.80562223956983,-75.31379227722404
Cleveland Browns,cle,Cincinnati Bengals,cin,9,-0.125,4.125,0.625,-0.75,-43.125,-1.0,-1.375,-1.75,-45.5,2.375,-4.625,6.0,1.0,62.5,173.5,0.375,19.375,-0.25,26.375,-2.375,-0.2474747474747474,0.0164106879865348,1.0,-6.234613439180066,-24.441658837780807
New England Patriots,nwe,Carolina Panthers,car,9,0.0,0.125,0.25,-0.25,39.375,0.125,3.625,0.375,37.25,-1.125,5.125,-3.375,0.125,-13.0,-139.375,-1.125,26.125,0.0,6.375,-2.125,-0.0363636363636363,0.0914552736982643,1.0,61.34905190826021,38.213149962026165
Minnesota Vikings,min,Baltimore Ravens,rav,9,-0.2857142857142857,-1.7142857142857115,0.0,-0.4285714285714286,2.571428571428555,5.714285714285715,5.571428571428569,0.5714285714285714,-2.571428571428612,1.5714285714285712,-3.4285714285714306,-2.8571428571428577,-1.1428571428571428,-25.428571428571416,-100.57142857142844,-1.5714285714285714,-22.857142857142836,-0.4285714285714285,8.285714285714285,-5.142857142857142,0.0714285714285714,-0.007563025210084,0.0,-101.15873375367003,1.26543951943691
Las Vegas Raiders,rai,New York Giants,nyg,9,0.4642857142857143,0.3214285714285729,-0.3571428571428572,-0.1607142857142857,51.35714285714283,0.375,1.5892857142857153,0.7142857142857142,51.64285714285717,0.8214285714285712,6.214285714285715,1.0892857142857153,0.2678571428571428,-3.8214285714285694,137.375,0.3035714285714284,47.53571428571428,-0.5357142857142857,12.67857142857143,0.2857142857142847,-0.0615384615384616,0.019047619047619,0.0,118.82032445360004,68.62727901838147
Atlanta Falcons,atl,New Orleans Saints,nor,9,-0.2857142857142857,1.8571428571428577,0.7142857142857144,0.2857142857142857,66.14285714285714,11.42857142857143,10.285714285714288,-0.2857142857142856,67.57142857142858,0.0,-4.0,-7.714285714285712,-0.4285714285714285,-38.0,-75.42857142857156,0.0,28.142857142857167,0.5714285714285715,-3.4285714285714306,1.4285714285714288,-0.191919191919192,0.0656346749226006,1.0,-221.7860578104201,85.8665042073927
Houston Texans,htx,Miami Dolphins,mia,9,0.0,-3.625,0.0,0.125,-18.25,-7.75,-4.5,-0.125,-18.75,0.375,-2.375,2.375,0.0,-2.5,-46.125,0.25,-20.75,0.0,10.875,-0.5,-0.0384615384615384,-0.0073737460344679,0.0,-62.23106580583999,11.193442460918533
Buffalo Bills,buf,Jacksonville Jaguars,jax,9,0.5714285714285714,4.571428571428569,0.4285714285714286,-0.8571428571428572,43.14285714285714,0.7142857142857153,2.7142857142857157,1.2857142857142856,39.71428571428572,0.2857142857142856,15.142857142857142,6.0,0.1428571428571428,10.42857142857143,321.8571428571429,-0.4285714285714286,53.57142857142856,-1.1428571428571428,7.857142857142861,-3.428571428571428,-0.2,0.1737491877842755,0.0,392.5791883059401,161.2173768907495
Denver Broncos,den,Dallas Cowboys,dal,9,-0.3571428571428571,-6.964285714285715,-1.0714285714285714,0.0357142857142857,-68.23214285714283,-2.107142857142854,-2.1607142857142847,-0.9464285714285716,-60.19642857142856,-2.7857142857142865,-12.517857142857146,-7.642857142857142,-0.3571428571428571,-48.375,-89.60714285714289,1.4107142857142858,-116.60714285714285,-0.0357142857142858,-19.94642857142857,8.035714285714286,0.2692307692307693,-0.1253754588942041,1.0,-121.03657093434003,-119.08032317018144
Los Angeles Chargers,sdg,Philadelphia Eagles,phi,9,0.1964285714285714,1.6428571428571423,-0.5357142857142857,0.3571428571428571,55.48214285714283,7.910714285714285,5.696428571428573,1.0357142857142856,56.10714285714283,-0.6428571428571432,-0.803571428571427,-3.5357142857142847,-0.6428571428571429,-27.19642857142857,73.92857142857133,0.25,28.28571428571428,0.2678571428571428,13.17857142857143,0.625,0.358974358974359,0.0242562929061785,1.0,83.7595672627101,31.457444561615176
Arizona Cardinals,crd,San Francisco 49ers,sfo,9,0.4464285714285714,2.1607142857142847,0.4464285714285714,0.1607142857142857,18.875,0.428571428571427,3.821428571428573,0.8392857142857142,29.928571428571416,0.0714285714285711,6.75,2.9107142857142847,0.0714285714285714,5.035714285714292,144.17857142857133,0.6785714285714286,23.91071428571428,-0.4464285714285714,-22.14285714285714,11.053571428571429,0.4545454545454546,0.1145604395604395,1.0,139.17409377345007,-11.980277270388257
Green Bay Packers,gnb,Kansas City Chiefs,kan,9,0.375,-5.875,-0.875,-0.875,-66.75,-9.5,-6.125,-0.25,-61.0,-2.5,-2.0,1.5,-0.125,-8.625,73.625,0.25,-75.375,-1.625,-13.25,5.75,0.0454545454545454,-0.1272283272283272,0.0,86.18347751053989,-121.59427809633785
Tennessee Titans,oti,Los Angeles Rams,ram,9,-0.125,0.75,0.0,0.25,-72.25,-1.5,-1.875,-1.375,-58.625,3.0,-2.25,6.0,0.75,43.5,295.75,2.0,-28.75,0.5,33.75,13.625,0.1666666666666666,-0.0303458009880028,1.0,-42.229052288169896,-48.55224863327953
Chicago Bears,chi,Pittsburgh Steelers,pit,9,-0.1964285714285714,-0.875,0.5,0.4285714285714286,-117.05357142857142,-12.57142857142857,-8.625,-0.6428571428571428,-96.80357142857142,-0.8214285714285712,-3.4821428571428577,6.714285714285715,0.2857142857142857,50.625,-36.875,1.75,-66.42857142857144,0.375,0.982142857142854,20.25,0.0505050505050505,-0.0612337294850027,0.0,-79.24478264611002,-114.84847526918368
Baltimore Ravens,rav,Miami Dolphins,mia,10,0.5277777777777778,6.097222222222221,-0.4166666666666667,-0.125,43.91666666666666,-5.263888888888886,-3.638888888888889,0.2916666666666667,40.22222222222223,-0.2222222222222223,10.40277777777778,11.041666666666668,0.8194444444444444,86.51388888888889,355.19444444444434,0.4444444444444446,130.43055555555554,-0.75,9.305555555555555,-3.694444444444443,0.0979020979020979,-0.0527642276422764,0.0,177.10199900954012,113.47846044850849
Jacksonville Jaguars,jax,Indianapolis Colts,clt,10,-0.1944444444444444,-2.6388888888888893,-0.2083333333333332,0.6805555555555556,-12.291666666666655,3.3611111111111143,0.916666666666668,-0.8888888888888888,-15.25,2.3194444444444446,-10.72222222222222,-3.5138888888888893,-0.3472222222222223,-25.833333333333343,-239.94444444444437,-0.2638888888888888,-38.125,0.6388888888888888,11.166666666666664,-2.958333333333334,-0.0117647058823529,-0.1075330649798734,0.0,-237.93290193805,-41.51971432867072
Tampa Bay Buccaneers,tam,Washington Football Team,was,10,0.5,4.0,-0.375,-0.5,97.0,8.75,7.25,1.75,95.625,1.5,13.0,-3.5,0.25,-22.5,131.125,-0.375,74.5,-0.375,20.0,-1.375,-0.0460526315789473,0.1434458398744112,0.0,267.95641127768,174.2156549654004
Detroit Lions,det,Pittsburgh Steelers,pit,10,-0.625,1.625,0.125,0.25,-7.75,1.25,1.375,-0.25,3.25,0.25,-3.375,-1.5,0.0,4.75,-118.125,0.625,-3.0,0.375,5.5,11.0,0.0173160173160172,-0.0565656565656566,0.0,-256.58063680278,59.48847260965917
New Orleans Saints,nor,Tennessee Titans,oti,10,-0.1527777777777778,-2.458333333333332,-0.0416666666666666,-0.3888888888888888,-26.26388888888889,-2.819444444444443,-3.819444444444443,0.7916666666666667,-36.68055555555554,-0.4305555555555553,-3.208333333333332,-1.2777777777777786,-0.7916666666666667,-15.888888888888886,-148.125,-1.375,-42.15277777777777,-0.4583333333333332,-10.833333333333336,-10.416666666666668,-0.1309523809523809,-0.0530665506742062,0.0,-11.00591074960994,-69.57084368685364
Buffalo Bills,buf,New York Jets,nyj,10,0.375,3.625,0.625,-1.125,18.625,1.0,1.75,0.625,5.125,0.75,11.375,5.875,0.375,42.625,191.625,-1.5,61.25,-1.125,14.625,-13.5,0.0,0.0362736273627362,1.0,317.40233754891983,191.45568367761163
Cleveland Browns,cle,New England Patriots,nwe,10,0.0,0.4444444444444428,-0.1111111111111109,-0.4444444444444445,-18.88888888888889,-5.111111111111114,-4.222222222222221,-0.2222222222222223,-18.0,1.333333333333333,-0.6666666666666679,3.0,0.5555555555555554,53.22222222222223,89.44444444444434,0.8888888888888888,34.55555555555554,-0.6666666666666667,13.666666666666664,0.8888888888888893,-0.2777777777777777,-0.0444118328570325,0.0,12.1403664889001,26.514182957281136
Atlanta Falcons,atl,Dallas Cowboys,dal,10,-0.25,-4.625,-0.25,0.0,-33.875,0.875,0.75,-0.625,-33.75,-2.25,-8.25,-5.5,-0.25,-62.375,-95.125,0.0,-96.25,-0.125,-15.875,0.125,0.0428571428571428,-0.0255991285403049,0.0,-74.53671941199991,-51.16595672072776
Carolina Panthers,car,Arizona Cardinals,crd,10,-0.4444444444444444,-2.7777777777777786,-0.7777777777777777,0.4444444444444445,-57.666666666666686,4.222222222222221,-2.6666666666666643,-1.2222222222222223,-59.888888888888886,0.4444444444444446,-11.77777777777778,-3.0,-0.6666666666666667,-22.1111111111111,-0.8888888888889142,0.5555555555555554,-79.77777777777777,0.6666666666666667,-5.333333333333336,-2.222222222222221,-0.3055555555555554,-0.0938027304801349,1.0,-230.9014494140099,-124.267908058278
Minnesota Vikings,min,Los Angeles Chargers,sdg,10,-0.25,-2.375,0.625,-0.5,-22.125,-2.0,-0.5,-0.25,-24.875,0.875,-0.625,4.0,-0.5,22.375,87.625,-0.5,0.25,-0.375,6.0,-2.75,0.0196078431372548,-0.0840336134453781,1.0,-52.85425813775987,3.4041768469124065
Seattle Seahawks,sea,Green Bay Packers,gnb,10,-0.4027777777777778,-3.2638888888888893,-0.2361111111111111,-0.1944444444444444,-12.652777777777771,-5.722222222222221,-2.5138888888888893,-0.125,-1.8611111111111145,1.3055555555555554,0.5138888888888893,-1.166666666666668,0.3194444444444444,-6.791666666666671,-320.30555555555566,1.1388888888888888,-19.444444444444457,-0.3888888888888888,4.513888888888886,10.791666666666666,-0.3214285714285714,-0.0789038506969052,0.0,-128.8560022598599,-39.91769876600682
Philadelphia Eagles,phi,Denver Broncos,den,10,-0.2222222222222222,0.3333333333333321,0.7777777777777779,-0.2222222222222222,-23.111111111111114,-3.333333333333332,-4.666666666666668,-0.3333333333333332,-31.555555555555543,1.5555555555555554,4.444444444444443,2.222222222222225,0.888888888888889,23.333333333333314,-310.1111111111111,-1.5555555555555556,0.2222222222221717,-0.3333333333333333,2.7777777777777786,-8.444444444444443,-0.4358974358974359,0.0685626812761843,1.0,-60.53543711233988,24.45685605135532
Kansas City Chiefs,kan,Las Vegas Raiders,rai,10,-0.0694444444444444,4.555555555555557,0.4166666666666667,0.2361111111111111,-24.125,3.0,1.1944444444444429,0.5972222222222223,-29.958333333333314,-0.4861111111111107,0.0555555555555571,0.2083333333333321,-0.3333333333333333,22.95833333333333,-41.05555555555566,-0.3611111111111111,-1.1666666666666856,1.1111111111111112,-10.805555555555555,-5.833333333333334,0.0454545454545454,0.1316526610644258,1.0,109.17263624799988,16.627759848214026
Los Angeles Rams,ram,San Francisco 49ers,sfo,10,0.4027777777777778,1.458333333333332,-0.8333333333333334,0.0277777777777777,43.833333333333314,3.4861111111111143,3.944444444444443,1.1805555555555554,44.94444444444446,-1.2222222222222223,5.875,0.2638888888888893,-0.4722222222222222,-10.125,74.44444444444434,-0.5555555555555556,33.708333333333314,-0.75,-27.875,1.1111111111111107,0.0,0.10062893081761,0.0,140.80592921915013,78.36286461023656
New England Patriots,nwe,Atlanta Falcons,atl,11,0.1555555555555555,2.055555555555557,-0.1333333333333333,-0.3,0.3666666666666458,-3.4777777777777814,-1.1333333333333329,-0.1666666666666667,2.47777777777776,0.1333333333333328,7.722222222222221,4.222222222222221,0.8555555555555556,31.81111111111112,142.73333333333335,0.1222222222222222,31.97777777777776,-0.0444444444444445,3.722222222222221,2.1111111111111107,0.3333333333333334,0.065869424692954,1.0,144.3393929726601,-32.984559192741415
Washington Football Team,was,Carolina Panthers,car,11,-0.1666666666666666,0.6000000000000014,0.3444444444444443,-0.1999999999999999,25.099999999999994,-0.7333333333333343,1.666666666666668,0.5333333333333332,24.71111111111111,-1.844444444444445,0.0555555555555571,-2.62222222222222,-0.3222222222222223,-0.5555555555555571,-145.76666666666665,-0.2777777777777777,24.54444444444448,-0.1444444444444443,-8.766666666666666,-0.3888888888888893,-0.1071428571428572,0.0222965440356744,1.0,-46.41825291038003,-37.919386379988296
Indianapolis Colts,clt,Buffalo Bills,buf,11,-0.1666666666666666,-2.466666666666669,-0.4666666666666668,-0.2666666666666666,-52.12222222222224,-4.988888888888887,-4.37777777777778,-0.4111111111111112,-49.811111111111074,-2.7555555555555555,-4.31111111111111,0.2333333333333307,-0.1333333333333333,14.411111111111126,-14.011111111111177,0.2444444444444444,-37.71111111111111,-0.1111111111111111,-23.522222222222226,2.31111111111111,0.3,-0.0982905982905982,1.0,-104.43666553662,-110.12694214613911
New Orleans Saints,nor,Philadelphia Eagles,phi,11,0.1555555555555555,-0.4888888888888907,-0.6333333333333334,-0.0555555555555555,-3.3777777777777658,0.4333333333333335,-0.6000000000000014,0.8111111111111111,-2.333333333333343,-0.5555555555555554,-1.0333333333333314,0.6444444444444422,-0.5111111111111111,-25.611111111111114,170.54444444444425,0.1888888888888888,-28.988888888888937,0.0888888888888888,-0.9111111111111114,1.0444444444444445,0.25,-0.067834890965732,0.0,148.69483543347997,-74.08701717359547
Houston Texans,htx,Tennessee Titans,oti,11,-0.6888888888888889,-7.133333333333335,0.7444444444444445,0.4222222222222223,-11.566666666666665,1.2111111111111157,0.4666666666666685,-0.1888888888888888,-13.233333333333348,0.5222222222222221,-13.57777777777778,-8.833333333333332,-1.1555555555555557,-55.82222222222222,-320.18888888888887,-0.011111111111111,-67.38888888888891,0.6888888888888889,-0.5666666666666629,-1.666666666666668,-0.1688311688311689,-0.017126148705096,1.0,-311.5597144163901,-54.46921860858818
Miami Dolphins,mia,New York Jets,nyj,11,0.0777777777777777,-1.3999999999999986,0.7,-1.1,-27.56666666666669,-0.6111111111111143,0.31111111111111,-0.2444444444444444,-29.90000000000001,-0.4111111111111105,-0.18888888888889,0.1777777777777771,-0.0666666666666666,-2.7333333333333343,-32.57777777777778,-0.0777777777777775,-30.30000000000001,-0.6444444444444446,-4.833333333333336,-2.333333333333332,0.2051282051282051,-0.0166408668730649,1.0,138.42167567797992,38.00686355198764
Green Bay Packers,gnb,Minnesota Vikings,min,11,0.3555555555555556,0.1111111111111107,-0.1222222222222222,0.2777777777777778,-32.122222222222234,-4.288888888888884,-3.7777777777777786,-0.1999999999999999,-27.26666666666668,-3.366666666666667,-2.955555555555556,-1.5888888888888886,0.2555555555555555,-13.144444444444446,80.58888888888896,0.6666666666666667,-45.26666666666671,0.2333333333333334,-32.022222222222226,4.855555555555556,-0.1939393939393938,0.0480295566502463,0.0,151.8652062704,-7.069066501320805
San Francisco 49ers,sfo,Jacksonville Jaguars,jax,11,0.2222222222222222,2.0,0.1111111111111109,-0.3333333333333333,30.66666666666669,-5.888888888888889,-1.666666666666668,0.5555555555555556,30.444444444444457,-0.666666666666667,7.444444444444443,4.222222222222225,0.2222222222222223,-1.1111111111111145,133.66666666666674,0.1111111111111111,29.555555555555543,-0.1111111111111111,12.55555555555555,-0.2222222222222232,-0.0497737556561086,0.0626323218066337,1.0,199.48383162616005,45.03786242404347
Detroit Lions,det,Cleveland Browns,cle,11,-0.5,-0.2666666666666692,-0.3,0.2666666666666666,1.52222222222224,7.822222222222223,5.455555555555556,-0.1111111111111111,8.622222222222234,-0.2222222222222223,-6.433333333333334,-4.633333333333333,-0.7111111111111112,-45.877777777777766,-110.94444444444434,0.0,-44.355555555555554,0.3222222222222223,-8.622222222222227,7.100000000000001,0.0256916996047431,-0.0480950311458786,0.0,-234.11574695425,-126.84329565128068
Baltimore Ravens,rav,Chicago Bears,chi,11,0.3333333333333333,6.333333333333336,-0.1111111111111111,-0.1111111111111111,115.88888888888889,9.222222222222223,6.222222222222225,1.0,103.77777777777776,-0.666666666666667,9.0,1.777777777777775,0.2222222222222223,17.55555555555557,287.9999999999998,-0.5555555555555554,133.4444444444444,-0.1111111111111111,-5.555555555555557,-12.11111111111111,0.3636363636363636,-0.0036891293654697,1.0,124.30231534671998,-75.55469345947611
Cincinnati Bengals,cin,Las Vegas Raiders,rai,11,0.0,-1.777777777777775,-0.3333333333333335,0.3333333333333335,-34.5555555555556,-6.333333333333336,-4.111111111111111,0.6666666666666667,-30.0,-3.2222222222222223,2.8888888888888893,2.0,0.0,12.111111111111114,24.333333333333485,0.5555555555555554,-22.444444444444457,0.3333333333333332,-28.88888888888889,4.555555555555557,0.0769230769230769,0.0102602602602602,1.0,6.065577423589957,-41.49954201614233
Arizona Cardinals,crd,Seattle Seahawks,sea,11,0.4666666666666667,4.266666666666669,1.022222222222222,0.3555555555555556,47.25555555555553,2.31111111111111,3.1555555555555586,0.1333333333333333,41.32222222222225,0.833333333333333,8.588888888888889,6.8444444444444414,0.8222222222222223,26.022222222222226,319.6111111111111,-0.8222222222222224,73.27777777777777,0.4333333333333334,12.422222222222224,-5.933333333333334,0.4666666666666668,0.0918367346938775,1.0,75.43493102180992,-53.28384841504557
Dallas Cowboys,dal,Kansas City Chiefs,kan,11,0.1777777777777778,-1.12222222222222,-0.1444444444444443,-0.3333333333333333,-0.7666666666667084,-6.011111111111113,-2.633333333333333,-0.0555555555555553,1.0888888888889028,1.2888888888888896,5.355555555555558,5.711111111111112,0.4,29.055555555555543,49.76666666666665,-0.1444444444444443,28.28888888888889,-0.6666666666666667,13.922222222222231,1.855555555555556,-0.1657754010695186,-0.0764367816091953,0.0,-93.81253849269,16.993554934212796
Pittsburgh Steelers,pit,Los Angeles Chargers,sdg,11,0.0694444444444444,-3.1111111111111143,0.6666666666666667,-0.2222222222222222,-33.55555555555554,-0.4444444444444499,-0.5555555555555571,-0.8888888888888888,-35.22222222222223,-0.1111111111111107,-4.666666666666664,2.333333333333332,-0.2222222222222222,-5.555555555555557,196.55555555555569,0.2222222222222223,-39.11111111111114,0.2222222222222223,-13.444444444444445,-1.666666666666668,-0.2834224598930482,-0.0370216880784639,0.0,12.663171805379989,-34.67509888362861
New York Giants,nyg,Tampa Bay Buccaneers,tam,11,-0.3333333333333333,-3.7777777777777786,0.4444444444444444,0.0,-76.66666666666666,-7.0,-5.666666666666668,-2.0,-70.66666666666663,-0.7777777777777777,-11.11111111111111,3.1111111111111107,0.0,5.0,-66.11111111111109,0.8888888888888891,-71.66666666666669,-0.1111111111111109,-17.555555555555564,6.0,-0.0384615384615384,-0.089293747188484,0.0,-192.65484160544,-128.711909098844
Chicago Bears,chi,Detroit Lions,det,12,0.3,-1.6000000000000014,0.4999999999999999,0.0999999999999999,-42.0,-8.699999999999996,-7.300000000000001,-0.1,-37.10000000000002,-0.3999999999999994,0.3000000000000007,4.100000000000001,0.0,17.89999999999999,-20.59999999999991,0.8999999999999999,-24.100000000000023,0.0999999999999998,0.5,4.899999999999999,-0.077639751552795,0.0101959745762711,1.0,146.19072333806002,1.9275804355387576
Las Vegas Raiders,rai,Dallas Cowboys,dal,12,-0.1999999999999999,-4.299999999999997,-0.3,0.0999999999999999,5.300000000000011,-0.1000000000000014,-0.5,-0.6000000000000001,8.100000000000023,-0.2000000000000001,-7.0,-6.199999999999999,-0.0999999999999999,-50.10000000000001,-113.39999999999986,0.3000000000000002,-44.80000000000001,-0.3,2.5,2.8000000000000007,-0.0090497737556561,-0.0868158882132229,1.0,-95.58561547825002,-39.04028312187262
Buffalo Bills,buf,New Orleans Saints,nor,12,0.0999999999999999,3.3000000000000007,0.8999999999999999,0.3,69.9,7.699999999999999,7.200000000000003,-0.1,69.29999999999998,1.4000000000000004,4.399999999999999,-3.3999999999999986,0.2999999999999999,0.8999999999999915,43.700000000000045,-0.1999999999999999,70.80000000000001,0.2999999999999998,15.099999999999994,-0.5999999999999996,-0.2833333333333334,0.1048556430446194,1.0,22.73197871032994,131.38559094057345
Philadelphia Eagles,phi,New York Giants,nyg,12,0.1545454545454545,1.336363636363636,-0.1272727272727272,-0.4454545454545455,-30.445454545454535,-6.636363636363637,-5.009090909090912,0.1818181818181818,-35.06363636363636,0.709090909090909,8.100000000000001,7.427272727272726,0.8454545454545455,60.46363636363637,8.845454545454459,-0.381818181818182,30.0181818181818,-0.5818181818181817,4.772727272727273,-4.618181818181819,-0.1041666666666665,0.0879770347855454,0.0,81.7711128952601,66.52816283191747
Tennessee Titans,oti,New England Patriots,nwe,12,0.0909090909090909,0.8181818181818201,-0.0909090909090908,0.3636363636363635,-10.45454545454544,1.0909090909090935,-0.6363636363636367,-0.1818181818181818,-7.4545454545454675,0.8181818181818183,-0.8181818181818201,2.727272727272726,0.2727272727272727,12.545454545454549,116.18181818181824,0.8181818181818183,2.272727272727252,0.1818181818181818,7.909090909090906,3.0,-1.1102230246251563e-16,-0.0523410734678341,0.0,1.748849291009947,34.09464135484572
Carolina Panthers,car,Miami Dolphins,mia,12,0.0909090909090908,1.4545454545454568,-0.5454545454545456,0.1818181818181817,-29.909090909090907,-4.363636363636367,-4.363636363636363,-0.3636363636363636,-33.72727272727275,0.545454545454545,2.2727272727272734,6.181818181818183,0.4545454545454545,38.18181818181819,158.27272727272725,-0.0909090909090908,8.272727272727309,-0.1818181818181818,7.18181818181818,-3.8181818181818175,-0.0051282051282049,-0.0662585034013605,0.0,-20.28711793360003,4.685943964298502
Atlanta Falcons,atl,Jacksonville Jaguars,jax,12,0.2,0.3000000000000007,-0.1,0.4,22.799999999999983,0.5,2.8999999999999986,0.7,27.19999999999999,-1.0999999999999996,1.9000000000000004,0.3000000000000007,-0.6,-33.900000000000006,99.10000000000014,0.1,-11.099999999999966,0.0,-6.0,4.4,-0.253968253968254,0.0679487179487179,1.0,110.95411384245996,49.07821237999581
New York Jets,nyj,Houston Texans,htx,12,0.0,5.100000000000001,-0.3999999999999999,0.7,64.20000000000002,7.799999999999997,3.900000000000002,0.5,67.30000000000001,-0.1000000000000005,2.8000000000000007,-3.3000000000000007,0.0,2.4000000000000057,56.0,0.1,66.59999999999997,0.5999999999999999,-4.700000000000003,3.1000000000000014,-0.1987179487179488,0.0450721153846154,1.0,-79.54807419755002,-69.15285643129644
Tampa Bay Buccaneers,tam,Indianapolis Colts,clt,12,0.1545454545454545,2.1818181818181834,-0.2818181818181818,0.4363636363636364,98.70909090909092,10.56363636363637,8.645454545454548,1.2636363636363634,96.30909090909088,2.463636363636363,2.8090909090909086,-6.736363636363638,-0.6545454545454545,-56.7090909090909,-76.81818181818176,-0.3363636363636364,42.0,0.390909090909091,23.74545454545455,-2.4000000000000004,-0.0170454545454545,0.0672714823690516,1.0,24.20501548674997,106.46829531614796
Pittsburgh Steelers,pit,Cincinnati Bengals,cin,12,-0.0444444444444444,0.6999999999999993,0.0999999999999998,-0.6000000000000001,-13.5,7.5,3.599999999999998,-0.8000000000000003,-20.299999999999983,2.6,-5.400000000000002,-1.900000000000002,-0.3,-12.599999999999994,2.900000000000091,-0.6999999999999997,-26.100000000000023,-0.2999999999999998,12.800000000000004,-6.800000000000001,-0.2307692307692307,0.0203316674238982,0.0,-4.727868440890006,38.57701856738564
Los Angeles Chargers,sdg,Denver Broncos,den,12,0.0999999999999999,3.8000000000000007,-0.0999999999999999,0.2,49.79999999999998,5.299999999999997,2.700000000000003,0.8000000000000003,42.5,1.7999999999999998,6.0,-1.599999999999998,0.3,-5.400000000000006,-163.9000000000001,-1.2,44.39999999999998,-0.1,16.6,-7.300000000000001,-0.0555555555555554,0.1059242594675665,0.0,74.72183281309981,99.20277100818252
Minnesota Vikings,min,San Francisco 49ers,sfo,12,0.0,0.1000000000000014,0.0,-0.3999999999999999,31.700000000000017,7.400000000000002,6.100000000000001,0.6000000000000001,32.00000000000003,1.4000000000000004,0.8999999999999986,-1.1000000000000014,-0.7,-4.0,41.59999999999991,-0.5,27.69999999999999,-0.7999999999999999,5.299999999999997,0.3000000000000007,0.1558441558441557,0.0091788638055073,0.0,6.369632030580078,92.11595285453282
Los Angeles Rams,ram,Green Bay Packers,gnb,12,-0.0272727272727273,0.6999999999999993,-0.4909090909090908,0.4454545454545455,46.30000000000001,3.154545454545456,2.6090909090909093,0.3999999999999999,44.91818181818184,0.1636363636363631,4.645454545454548,-1.336363636363636,0.0636363636363636,-10.099999999999994,-205.1636363636362,-0.5,36.19999999999999,0.2818181818181818,-3.627272727272725,-1.381818181818181,-0.0717948717948719,-0.0027830572902524,0.0,-77.38137397795003,-42.4595435549231
Cleveland Browns,cle,Baltimore Ravens,rav,12,-0.1545454545454545,-3.772727272727274,-0.0272727272727273,-0.3545454545454546,-45.96363636363637,-6.236363636363638,-4.272727272727273,-0.3999999999999999,-47.59090909090909,1.4727272727272729,-2.518181818181816,-1.6909090909090914,0.3454545454545454,5.818181818181813,-187.42727272727257,-0.5818181818181816,-40.14545454545458,-0.3,15.799999999999995,-1.6272727272727252,-0.2575757575757576,0.0201996476805637,0.0,-51.409517304330166,-103.08262473742629
Seattle Seahawks,sea,Washington Football Team,was,12,-0.1,-4.100000000000001,-0.7000000000000001,-0.5,-24.700000000000017,-4.799999999999997,-3.1000000000000014,0.0,-13.700000000000015,-0.5,-1.8000000000000007,-5.0,0.1,-24.5,-336.39999999999986,1.0,-49.19999999999999,-0.9,-9.300000000000004,10.999999999999998,-0.3550724637681159,-0.0682336182336182,0.0,26.03170897378004,32.26459687624106
Dallas Cowboys,dal,New Orleans Saints,nor,13,0.1818181818181818,4.636363636363633,0.7272727272727273,0.0909090909090909,94.1818181818182,7.181818181818183,8.18181818181818,0.0909090909090908,93.27272727272728,2.363636363636364,6.272727272727273,-0.4545454545454532,0.0909090909090908,16.272727272727266,86.18181818181802,0.0909090909090908,110.45454545454544,0.2727272727272727,25.63636363636364,-0.9090909090909084,-0.0627450980392157,0.0430140961857379,1.0,-39.95024420004984,159.96230079401118
Arizona Cardinals,crd,Chicago Bears,chi,13,0.4545454545454546,4.09090909090909,0.6363636363636365,-0.1818181818181817,86.0909090909091,4.181818181818183,6.727272727272727,1.0909090909090908,80.0,-0.0909090909090908,11.90909090909091,2.0,0.7272727272727272,-3.2727272727272663,166.909090909091,-1.0,82.81818181818187,-0.3636363636363635,-0.9090909090909064,-6.0909090909090935,0.3351648351648351,0.1002123629684899,1.0,171.86703877478,93.92288159630044
Tampa Bay Buccaneers,tam,Atlanta Falcons,atl,13,0.2727272727272727,5.545454545454547,-0.1818181818181817,-0.4545454545454545,80.45454545454547,6.727272727272734,5.272727272727273,1.2727272727272725,75.81818181818181,0.9090909090909092,13.454545454545457,-1.1818181818181834,0.5454545454545454,10.818181818181811,118.909090909091,-0.5454545454545456,91.27272727272732,-0.2727272727272729,15.363636363636369,-4.636363636363637,0.1883116883116882,0.0793427230046948,1.0,237.31023463088013,103.27053208655109
Philadelphia Eagles,phi,New York Jets,nyj,13,0.1439393939393939,0.8636363636363633,0.25,-1.0606060606060606,-52.01515151515153,-9.045454545454549,-6.068181818181817,-0.2803030303030303,-63.25757575757572,-0.2424242424242422,7.242424242424242,8.825757575757578,0.7727272727272727,71.91666666666666,-49.5151515151515,-1.0681818181818183,19.901515151515127,-1.0984848484848484,-2.174242424242429,-11.242424242424244,-0.1809523809523809,0.0496920492721165,1.0,145.25160351885006,103.22771426513336
New York Giants,nyg,Miami Dolphins,mia,13,-0.053030303030303,0.0909090909090899,-0.4696969696969697,-0.0151515151515151,-4.030303030303031,-2.8787878787878824,-2.7727272727272734,-0.25,-6.939393939393938,-0.8484848484848486,-1.136363636363637,-0.1969696969696954,-0.1136363636363636,10.651515151515142,-63.12878787878776,-0.3257575757575757,6.621212121212125,-0.393939393939394,-4.636363636363633,-2.9090909090909083,-0.1294117647058822,-0.058412866737363,0.0,-57.91233669432995,-37.978876585728855
Denver Broncos,den,Kansas City Chiefs,kan,13,-0.0909090909090909,-5.454545454545457,-1.0,-0.3636363636363636,-66.72727272727272,-9.0,-5.18181818181818,-0.9090909090909094,-58.27272727272728,-1.2727272727272734,-4.81818181818182,0.9090909090909064,0.0909090909090909,2.8181818181818272,32.27272727272725,1.0000000000000002,-63.909090909090935,-0.9090909090909092,-9.0,8.454545454545453,0.0303030303030303,-0.1383399209486165,0.0,-173.7672581229001,-78.64170470435826
Indianapolis Colts,clt,Houston Texans,htx,13,0.3181818181818182,7.454545454545455,-0.0303030303030302,-0.5909090909090908,35.28787878787881,1.946969696969699,0.4545454545454532,0.6590909090909092,27.49242424242425,-2.159090909090909,13.424242424242424,3.734848484848485,0.8712121212121213,66.22727272727273,231.00757575757572,-1.0681818181818183,101.5151515151515,-0.3863636363636364,-13.219696969696969,-7.795454545454547,0.0396825396825395,0.0275723507032018,1.0,231.46842381437,37.35995147485721
Minnesota Vikings,min,Detroit Lions,det,13,0.4545454545454545,1.90909090909091,0.2727272727272727,-0.4545454545454546,72.09090909090912,2.36363636363636,1.81818181818182,1.1818181818181817,61.27272727272725,-0.0909090909090908,9.727272727272728,3.09090909090909,-0.2727272727272728,3.72727272727272,85.36363636363649,-1.181818181818182,75.81818181818181,-0.5454545454545454,8.636363636363633,-10.81818181818182,0.2080745341614907,0.0548654244306417,0.0,239.1544427413301,100.39360659803867
Los Angeles Chargers,sdg,Cincinnati Bengals,cin,13,-0.0909090909090909,3.727272727272727,-0.5454545454545454,-0.1818181818181817,37.18181818181819,8.636363636363633,4.636363636363637,0.0909090909090908,30.54545454545456,3.3636363636363638,-3.2727272727272734,-4.818181818181817,-0.2727272727272728,-8.909090909090907,-165.90909090909076,-0.8181818181818179,28.27272727272725,-0.2727272727272727,31.18181818181818,-6.636363636363635,0.0285714285714284,0.0571428571428572,1.0,-46.21884081848998,84.8838477752816
Washington Football Team,was,Las Vegas Raiders,rai,13,-0.0909090909090908,1.4545454545454533,0.2727272727272727,0.0909090909090908,-72.18181818181819,-4.0,-2.81818181818182,-0.0909090909090908,-71.63636363636365,-2.454545454545455,-2.72727272727273,5.818181818181817,-0.1818181818181817,36.45454545454545,81.81818181818198,-0.0909090909090912,-35.72727272727269,0.3636363636363637,-20.454545454545453,0.545454545454545,0.0584615384615385,0.0480969412267122,1.0,15.185077796560108,-68.82011448181319
Jacksonville Jaguars,jax,Los Angeles Rams,ram,13,-0.4545454545454545,-2.6363636363636367,0.7272727272727273,0.0,-81.18181818181822,-0.5454545454545396,-3.18181818181818,-1.6363636363636362,-83.72727272727269,2.2727272727272725,-11.454545454545457,-0.7272727272727266,0.2727272727272727,19.909090909090907,-60.5454545454545,0.2727272727272727,-61.27272727272725,0.4545454545454546,13.909090909090914,-2.545454545454545,0.1214285714285715,-0.065264477884177,0.0,-285.68646435024,-102.89067641804756
Baltimore Ravens,rav,Pittsburgh Steelers,pit,13,0.2272727272727273,4.90909090909091,-0.0909090909090908,0.5454545454545455,4.3636363636363455,-4.272727272727273,-2.5454545454545467,0.0,9.636363636363654,-0.6363636363636358,3.5454545454545467,9.090909090909086,0.4545454545454545,63.636363636363626,258.09090909090924,1.0909090909090913,68.0,0.2727272727272727,5.0,5.272727272727272,0.3846153846153846,-0.0602892102335928,0.0,107.68536353065996,27.41982541189188
San Francisco 49ers,sfo,Seattle Seahawks,sea,13,0.2727272727272727,4.818181818181817,0.2727272727272728,0.2727272727272727,31.0,1.0,0.2727272727272734,-0.0909090909090908,16.636363636363626,0.3636363636363642,6.454545454545453,7.90909090909091,0.6363636363636362,38.36363636363636,388.18181818181824,-1.2727272727272725,69.36363636363632,0.7272727272727272,19.727272727272734,-14.363636363636363,0.4047619047619048,0.0578124999999999,0.0,65.3713171274801,-13.986309749546308
New England Patriots,nwe,Buffalo Bills,buf,13,0.0303030303030302,-1.5,-0.6363636363636365,-0.3333333333333333,-31.0,-5.416666666666664,-2.280303030303031,-0.7727272727272729,-24.727272727272748,-1.5984848484848486,-1.636363636363637,1.924242424242422,0.0757575757575759,-2.7727272727272663,-7.659090909090992,0.4545454545454546,-33.93939393939394,-0.2045454545454545,-11.689393939393938,6.272727272727273,0.303030303030303,-0.0460526315789473,0.0,-26.640117703229865,-110.18575399486444
