,away_name,away_abbr,home_name,home_abbr,week,win_perc_dif,first_downs_dif,fumbles_dif,interceptions_dif,net_pass_yards_dif,pass_attempts_dif,pass_completions_dif,pass_touchdowns_dif,pass_yards_dif,penalties_dif,points_dif,rush_attempts_dif,rush_touchdowns_dif,rush_yards_dif,time_of_possession_dif,times_sacked_dif,total_yards_dif,turnovers_dif,yards_from_penalties_dif,yards_lost_from_sacks_dif,fourth_down_perc_dif,third_down_perc_dif,result,elo_dif,qb_dif
0,New York Giants,nyg,Washington Football Team,was,2,0.0,4.0,-2.0,0.0,121.0,16.0,8.0,0.0,132.0,-4.0,-3.0,-7.0,1.0,-66.0,55.0,1.0,55.0,0.0,-9.0,11.0,-0.6666666666666667,0.2,0.0,-50.84865820578011,100.31697253498896
1,Cincinnati Bengals,cin,Chicago Bears,chi,2,1.0,-4.0,-1.0,-1.0,29.0,-13.0,-9.0,2.0,45.0,0.0,13.0,10.0,-1.0,15.0,-23.0,2.0,44.0,-2.0,-20.0,16.0,0.6666666666666666,-0.24025974025974026,0.0,-51.74273122759996,34.6160246962817
2,New Orleans Saints,nor,Carolina Panthers,car,2,0.0,4.0,-1.0,0.0,-119.0,-14.0,-9.0,4.0,-128.0,0.0,19.0,12.0,-1.0,60.0,196.0,-1.0,-59.0,-1.0,-2.0,-9.0,1.0,0.2142857142857143,0.0,204.62765380017004,54.98387410987053
3,Las Vegas Raiders,rai,Pittsburgh Steelers,pit,2,0.0,10.0,0.0,1.0,232.0,24.0,16.0,1.0,247.0,5.0,10.0,0.0,2.0,7.0,445.0,1.0,239.0,1.0,30.0,15.0,0.0,0.13333333333333336,1.0,-62.282436220169984,-14.386838375309082
4,San Francisco 49ers,sfo,Philadelphia Eagles,phi,2,0.0,-3.0,0.0,0.0,50.0,-9.0,-9.0,-1.0,55.0,-7.0,9.0,-3.0,1.0,-42.0,-270.0,0.0,8.0,2.0,-10.0,5.0,0.0,-0.12820512820512825,1.0,36.874709116819986,-13.318243341872716
5,New England Patriots,nwe,New York Jets,nyj,2,0.0,8.0,3.0,-1.0,61.0,2.0,9.0,-1.0,23.0,3.0,2.0,13.0,0.0,80.0,483.0,-5.0,141.0,1.0,54.0,-38.0,-0.5,0.3798076923076923,1.0,122.88322057007008,21.24644384480044
6,Buffalo Bills,buf,Miami Dolphins,mia,2,-1.0,6.0,4.0,-1.0,69.0,24.0,14.0,0.0,68.0,3.0,-1.0,2.0,-1.0,43.0,600.0,1.0,112.0,0.0,53.0,-1.0,0.3333333333333333,0.08080808080808077,1.0,61.13492429256007,115.468364464531
7,Denver Broncos,den,Jacksonville Jaguars,jax,2,1.0,4.0,0.0,-3.0,-64.0,-15.0,0.0,-1.0,-68.0,-5.0,6.0,12.0,1.0,89.0,612.0,1.0,25.0,-2.0,-31.0,-4.0,0.0,0.19393939393939397,1.0,156.60731719189994,63.30731135009758
8,Los Angeles Rams,ram,Indianapolis Colts,clt,2,1.0,-5.0,-1.0,0.0,89.0,-12.0,-5.0,1.0,70.0,2.0,18.0,-7.0,1.0,-39.0,-661.0,-2.0,50.0,-1.0,20.0,-19.0,1.0,0.16083916083916078,1.0,58.8187053178799,63.118541593776925
9,Houston Texans,htx,Cleveland Browns,cle,2,1.0,-2.0,-1.0,-1.0,-15.0,5.0,0.0,2.0,-30.0,0.0,8.0,15.0,-2.0,7.0,471.0,-1.0,-8.0,-2.0,20.0,-15.0,-0.75,0.2857142857142857,0.0,-75.88065344976985,-34.83643233187294
10,Atlanta Falcons,atl,Tampa Bay Buccaneers,tam,2,-1.0,-5.0,-1.0,-2.0,-243.0,-15.0,-11.0,-4.0,-215.0,1.0,-25.0,12.0,0.0,72.0,205.0,3.0,-171.0,-4.0,-7.0,28.0,0.3333333333333333,-0.24025974025974026,0.0,-221.95835613881013,-61.28928162077423
11,Minnesota Vikings,min,Arizona Cardinals,crd,2,-1.0,2.0,0.0,-1.0,56.0,18.0,16.0,-2.0,73.0,4.0,-14.0,-11.0,0.0,-69.0,108.0,1.0,-13.0,0.0,57.0,17.0,1.0,-0.16346153846153844,0.0,-53.812753435549894,-17.350165417079523
12,Tennessee Titans,oti,Seattle Seahawks,sea,2,-1.0,-1.0,1.0,1.0,-79.0,13.0,4.0,-3.0,-36.0,0.0,-15.0,-5.0,1.0,-54.0,146.0,3.0,-133.0,2.0,4.0,43.0,0.3333333333333333,-0.08730158730158727,1.0,-90.52232892505981,-2.621993351673268
13,Dallas Cowboys,dal,Los Angeles Chargers,sdg,2,-1.0,3.0,-1.0,0.0,57.0,11.0,11.0,2.0,66.0,2.0,9.0,-11.0,-1.0,-30.0,-96.0,-1.0,27.0,-1.0,-39.0,9.0,0.0,-0.2074303405572755,1.0,-65.74951745016006,57.55533866749494
14,Kansas City Chiefs,kan,Baltimore Ravens,rav,2,1.0,1.0,-4.0,0.0,107.0,6.0,8.0,2.0,102.0,0.0,6.0,-11.0,-1.0,-116.0,33.0,-1.0,-9.0,-2.0,-35.0,-5.0,-0.5,0.4423076923076923,0.0,69.37344232804003,39.63692743028136
15,Detroit Lions,det,Green Bay Packers,gnb,2,0.0,17.0,-1.0,-1.0,128.0,22.0,18.0,3.0,137.0,0.0,30.0,9.0,1.0,73.0,484.0,1.0,201.0,-2.0,4.0,9.0,-0.2666666666666666,0.16666666666666666,0.0,-220.58463113435005,-63.6764031093399
16,Carolina Panthers,car,Houston Texans,htx,3,0.5,3.5,-0.5,0.0,27.5,5.5,5.5,-0.5,33.0,-1.5,-6.5,-4.5,-0.5,-21.0,296.5,0.5,6.5,0.0,-20.5,5.5,0.0,-0.15763546798029554,1.0,58.05278513351004,47.06386446400485
17,Chicago Bears,chi,Cleveland Browns,cle,3,0.0,-3.0,-1.5,0.0,-116.0,7.5,2.0,0.0,-101.0,0.5,-13.0,0.0,-2.5,-26.0,128.5,1.0,-142.0,-0.5,6.5,15.0,-0.75,0.04807692307692307,0.0,-50.21483961173999,-62.284710830313486
18,Washington Football Team,was,Buffalo Bills,buf,3,0.0,-1.5,-1.5,0.0,14.0,-8.5,0.5,0.0,11.0,1.5,-2.5,-3.0,-1.0,-23.5,-285.0,-1.0,-9.5,-0.5,1.5,-3.0,0.5,-0.17952314165497896,0.0,-187.45956397496002,-173.85664927567825
19,Cincinnati Bengals,cin,Pittsburgh Steelers,pit,3,0.0,0.5,-0.5,1.0,-36.5,-7.5,-3.0,1.0,-7.5,-1.5,2.0,10.5,0.0,52.0,334.5,3.0,15.5,1.5,-1.5,29.0,0.5,-0.041666666666666685,1.0,-108.44875096808005,-63.43829083531597
20,Atlanta Falcons,atl,New York Giants,nyg,3,0.0,-1.0,0.5,1.5,-26.5,7.0,6.0,0.0,-26.0,1.5,-5.5,-1.0,-0.5,-22.0,176.5,-1.0,-48.5,1.0,9.5,0.5,-0.047619047619047616,-0.10632183908045978,1.0,38.54336529039006,11.804627904041638
21,New Orleans Saints,nor,New England Patriots,nwe,3,0.0,-6.5,-2.5,1.0,-98.0,-13.0,-12.5,2.0,-102.5,1.5,2.0,1.0,-0.5,-3.5,-255.5,0.0,-101.5,0.0,6.5,-4.5,0.5,-0.16666666666666669,1.0,90.68329646785014,31.207974216768022
22,Los Angeles Chargers,sdg,Kansas City Chiefs,kan,3,0.0,4.0,0.0,1.0,-10.0,10.5,5.5,-2.0,-2.5,4.0,-15.5,3.5,-0.5,25.0,306.0,1.0,15.0,1.0,55.5,7.5,1.0,0.08658743633276744,1.0,-149.53914191964986,-70.4531286488479
23,Arizona Cardinals,crd,Jacksonville Jaguars,jax,3,1.0,5.5,0.5,-1.0,109.0,-8.0,4.0,1.5,119.5,-2.0,19.0,11.0,1.0,44.0,574.5,1.5,153.0,-1.0,-26.5,10.5,0.0,0.13636363636363635,1.0,231.26427571862996,148.60491128800652
24,Baltimore Ravens,rav,Detroit Lions,det,3,0.5,0.5,1.5,0.0,-51.5,-18.5,-13.5,-1.5,-55.0,-0.5,6.5,16.0,2.0,108.0,245.0,0.0,56.5,0.5,1.5,-3.5,0.38095238095238093,0.05797101449275366,1.0,226.18170881381002,38.93632979011184
25,Miami Dolphins,mia,Las Vegas Raiders,rai,3,-0.5,-9.5,0.0,0.5,-226.0,-11.0,-10.5,-1.5,-216.5,-0.5,-21.0,-1.5,-0.5,5.5,-409.5,1.5,-220.5,1.5,4.5,9.5,-0.5,-0.014778325123152691,0.0,-26.44766439549994,-84.2488443723597
26,New York Jets,nyj,Denver Broncos,den,3,-1.0,-6.0,0.0,2.5,-83.0,0.0,-7.5,-1.0,-62.0,-1.0,-15.0,-5.0,-0.5,-32.0,-396.0,2.5,-115.0,2.0,-22.5,21.0,-0.6,0.0,0.0,-151.57046205749998,-101.11811865587913
27,Tampa Bay Buccaneers,tam,Los Angeles Rams,ram,3,0.0,3.0,1.0,0.5,28.0,15.0,8.5,2.0,28.0,7.0,9.0,-8.5,-1.0,-20.5,-36.0,0.5,7.5,1.5,69.0,0.0,0.0,-0.05869565217391304,0.0,65.2005695196101,52.58149802808208
28,Seattle Seahawks,sea,Minnesota Vikings,min,3,0.5,-5.5,-1.0,0.0,-8.5,-14.0,-9.5,0.5,-4.5,1.0,0.5,-2.0,0.5,-13.5,-491.0,1.0,-22.0,0.0,10.5,4.0,-1.0,0.07326007326007322,0.0,100.07303878028006,-22.71292139096508
29,Green Bay Packers,gnb,San Francisco 49ers,sfo,3,-0.5,-2.5,-1.5,1.0,-43.5,3.0,1.0,0.5,-26.0,-1.0,-10.0,-10.0,-1.0,-54.5,-78.5,2.0,-98.0,0.5,-24.0,17.5,-0.33333333333333337,-0.07551487414187646,1.0,68.79023091038994,91.99142075089955
30,Philadelphia Eagles,phi,Dallas Cowboys,dal,3,0.0,-6.5,0.5,-1.0,-87.0,-13.0,-13.0,0.0,-93.0,3.0,-3.0,5.5,0.0,33.0,-221.0,0.0,-54.0,-1.0,7.5,-6.0,0.0,-0.11555555555555558,0.0,-17.083208589700007,-84.81348381282811
31,Jacksonville Jaguars,jax,Cincinnati Bengals,cin,4,-0.6666666666666666,1.9999999999999982,1.3333333333333335,1.0000000000000002,22.333333333333314,14.333333333333336,3.6666666666666643,-0.6666666666666667,9.666666666666657,1.333333333333333,-5.0,-6.333333333333336,0.0,-1.3333333333333428,-299.3333333333335,-1.6666666666666667,21.0,1.3333333333333333,10.333333333333336,-12.666666666666666,0.5,-0.06060606060606061,0.0,-167.28198483628012,-53.64926675893388
32,Houston Texans,htx,Buffalo Bills,buf,4,-0.3333333333333333,-6.333333333333332,-0.33333333333333326,0.0,-41.333333333333314,-12.666666666666664,-7.333333333333336,-0.6666666666666667,-40.66666666666666,0.666666666666667,-9.0,-0.6666666666666643,-0.33333333333333326,-32.66666666666666,-262.0,0.6666666666666667,-74.0,-0.33333333333333337,5.0,0.6666666666666661,-0.39999999999999997,-0.0444664031620553,0.0,-242.36312973255008,-176.82092966024945
33,Washington Football Team,was,Atlanta Falcons,atl,4,0.0,-1.0,0.6666666666666667,0.0,3.0,-9.333333333333332,-7.0,0.3333333333333335,-8.0,0.0,6.333333333333332,2.666666666666668,0.3333333333333333,14.333333333333329,-280.66666666666674,-1.3333333333333335,17.33333333333337,0.3333333333333335,-0.3333333333333286,-11.0,0.5142857142857142,-0.06862745098039219,1.0,-4.518875922999996,-99.57047322665258
34,Kansas City Chiefs,kan,Philadelphia Eagles,phi,4,0.0,7.333333333333332,0.33333333333333326,0.33333333333333337,59.0,4.333333333333336,4.666666666666668,1.3333333333333333,53.333333333333314,-6.333333333333333,9.333333333333336,-0.33333333333333215,0.0,-22.333333333333343,163.0,-0.3333333333333335,36.666666666666686,1.3333333333333335,-31.33333333333333,-5.666666666666667,0.0,0.1463187325256291,1.0,181.43127705915003,101.20100729133381
35,Tennessee Titans,oti,New York Jets,nyj,4,0.6666666666666666,9.666666666666668,1.0,-1.3333333333333335,53.33333333333334,-0.6666666666666643,3.0,0.6666666666666666,44.66666666666666,-2.0,17.0,12.666666666666668,1.3333333333333333,79.33333333333334,365.66666666666674,-1.6666666666666665,132.66666666666669,0.0,-23.66666666666667,-8.666666666666668,0.11428571428571427,0.09166666666666667,0.0,212.19837023429,140.61776698842343
36,New York Giants,nyg,New Orleans Saints,nor,4,-0.6666666666666666,4.666666666666666,1.3333333333333333,-0.6666666666666666,129.0,13.333333333333332,9.666666666666668,-1.666666666666667,130.66666666666669,1.333333333333334,-5.666666666666664,-6.333333333333332,0.33333333333333337,-12.666666666666657,-8.333333333333258,0.33333333333333304,116.33333333333331,0.0,5.333333333333329,1.6666666666666679,-0.16666666666666669,0.06501547987616108,1.0,-258.68628854482995,10.73958513085691
37,Cleveland Browns,cle,Minnesota Vikings,min,4,0.3333333333333333,-0.6666666666666679,0.3333333333333335,0.6666666666666666,-61.66666666666666,-13.333333333333332,-10.0,-2.0,-49.666666666666686,-0.6666666666666661,-0.33333333333333215,6.333333333333332,2.333333333333333,46.66666666666666,54.0,1.3333333333333333,-15.0,1.0,6.0,12.000000000000002,-0.4285714285714286,-0.0007575757575757347,1.0,52.36886856932006,-71.68837644092159
38,Indianapolis Colts,clt,Miami Dolphins,mia,4,-0.3333333333333333,4.333333333333332,-1.0,0.0,39.666666666666686,-3.0,-2.333333333333332,0.6666666666666667,39.33333333333334,-4.333333333333333,3.666666666666668,1.3333333333333357,-0.6666666666666667,10.333333333333329,143.0,-0.666666666666667,50.0,-0.33333333333333326,-24.0,-0.33333333333333215,-0.041666666666666685,-0.021867612293144212,1.0,5.178282555669966,-25.261063237543297
39,Carolina Panthers,car,Dallas Cowboys,dal,4,0.33333333333333337,-2.6666666666666643,0.0,-0.3333333333333333,7.333333333333371,-1.3333333333333357,-4.333333333333336,-1.0,3.3333333333333144,-0.3333333333333339,-7.0,1.0,0.3333333333333335,-33.66666666666667,145.33333333333348,-0.3333333333333335,-26.33333333333337,-0.33333333333333337,-5.666666666666664,-4.0,-0.3333333333333333,-0.11346153846153845,0.0,28.88813704342988,-95.04630375567586
40,Detroit Lions,det,Chicago Bears,chi,4,-0.3333333333333333,8.666666666666666,-0.33333333333333337,0.0,156.66666666666669,13.333333333333336,12.0,1.3333333333333335,133.66666666666666,1.666666666666667,8.999999999999998,-1.0,0.33333333333333337,4.666666666666671,111.66666666666674,-3.0,161.33333333333334,0.0,1.3333333333333286,-22.999999999999996,0.2857142857142857,-0.0007949125596184436,0.0,-110.8135363951601,110.99925899258557
41,Seattle Seahawks,sea,San Francisco 49ers,sfo,4,-0.3333333333333333,-4.333333333333332,-1.6666666666666667,-0.3333333333333333,37.66666666666666,-3.333333333333332,-0.6666666666666679,0.6666666666666667,43.333333333333314,1.666666666666667,-3.666666666666668,-8.0,-0.6666666666666667,2.6666666666666714,-405.33333333333326,0.9999999999999998,40.333333333333314,-1.0,-12.333333333333336,5.666666666666666,-1.0,-0.0912778904665314,1.0,25.41870417093014,59.60730845912235
42,Arizona Cardinals,crd,Los Angeles Rams,ram,4,0.0,1.6666666666666679,0.0,1.0,18.0,2.666666666666668,4.0,-0.6666666666666665,21.0,4.333333333333334,2.666666666666668,2.666666666666668,1.0,26.33333333333333,294.33333333333326,0.6666666666666667,44.333333333333314,0.6666666666666666,34.0,3.0,0.5,-0.1880184331797235,1.0,-76.20322679046012,49.62939872181292
43,Pittsburgh Steelers,pit,Green Bay Packers,gnb,4,-0.3333333333333333,-2.0,0.33333333333333337,0.33333333333333337,33.33333333333334,11.666666666666668,6.0,-1.0,28.0,1.0,-6.0,-7.0,-0.3333333333333333,-26.66666666666667,-24.666666666666742,0.6666666666666665,6.666666666666629,0.0,-10.0,-5.333333333333334,-0.5,0.05193798449612402,0.0,-127.6869641164501,-51.88067005003944
44,Baltimore Ravens,rav,Denver Broncos,den,4,-0.33333333333333337,-1.0,1.3333333333333335,1.0,-20.666666666666657,-2.666666666666668,-6.666666666666664,-0.33333333333333326,-22.00000000000003,-0.666666666666667,2.0,0.6666666666666679,0.6666666666666667,58.33333333333334,-282.33333333333326,0.33333333333333304,37.666666666666686,1.0,-2.3333333333333286,-1.3333333333333321,-0.25,-0.04832104832104828,1.0,83.74221843551004,31.777966806011932
45,Tampa Bay Buccaneers,tam,New England Patriots,nwe,4,0.3333333333333333,5.0,0.33333333333333326,-0.33333333333333337,123.66666666666669,7.0,5.333333333333336,2.666666666666667,116.66666666666666,3.0,16.333333333333336,-7.666666666666668,0.0,-35.333333333333336,-198.33333333333348,0.0,88.33333333333331,0.0,20.66666666666667,-7.000000000000002,-0.16666666666666663,-0.03014184397163122,1.0,152.4583205920801,138.69226378119316
46,Las Vegas Raiders,rai,Los Angeles Chargers,sdg,4,0.33333333333333337,1.3333333333333321,0.6666666666666667,-0.33333333333333337,72.33333333333337,3.3333333333333357,0.0,0.0,82.33333333333331,-0.9999999999999991,7.666666666666668,3.666666666666668,0.6666666666666667,4.0,255.99999999999977,0.9999999999999998,76.33333333333331,-0.6666666666666666,-12.333333333333329,9.999999999999998,-0.6666666666666667,-0.08250276854928024,0.0,11.862365171820102,2.556967252144119
47,Los Angeles Rams,ram,Seattle Seahawks,sea,5,0.25,3.75,0.0,0.5,55.0,6.5,3.25,0.5,44.5,-3.5,3.0,2.0,-0.75,-14.0,133.0,-2.0,41.0,0.75,-31.0,-10.5,0.3333333333333333,0.21014492753623187,1.0,15.147032986529894,0.210107095149624
48,New York Jets,nyj,Atlanta Falcons,atl,5,0.0,-4.75,0.0,1.25,-33.0,-5.5,-7.25,-1.0,-16.25,-0.25,-7.75,-2.0,0.0,-10.25,-109.25,2.0,-43.25,1.0,12.5,16.75,0.0,-0.05530253741054003,0.0,-70.44247578650993,-117.15706741883136
49,Philadelphia Eagles,phi,Carolina Panthers,car,5,-0.5,-3.5,0.25,-0.25,-5.25,0.0,-0.75,0.5,-5.5,4.75,-0.75,-6.5,-1.0,15.25,-433.75,-0.75,10.0,-0.5,24.5,-0.25,-0.45714285714285713,0.0323450134770889,1.0,-88.16645973360983,27.01028609664033
50,New Orleans Saints,nor,Washington Football Team,was,5,0.0,-2.75,-1.25,0.0,-94.75,-8.5,-6.75,0.0,-87.0,-1.0,-1.75,7.75,0.25,29.5,307.5,0.75,-65.25,-0.5,-14.75,7.75,-0.3142857142857143,0.14448292924294903,1.0,135.06153101067002,53.97032673695918
51,Miami Dolphins,mia,Tampa Bay Buccaneers,tam,5,-0.5,-7.5,0.5,0.0,-153.75,-8.5,-6.5,-1.75,-139.5,-1.75,-15.0,2.0,0.0,6.0,-103.0,1.5,-147.75,0.25,-23.25,14.25,0.0,-0.07429467084639496,0.0,-187.7818072870698,-104.6575156274508
52,Denver Broncos,den,Pittsburgh Steelers,pit,5,0.5,3.25,-0.5,-0.75,-14.5,-9.5,-4.25,0.25,-7.0,0.0,4.0,11.5,0.25,66.5,354.5,0.5,52.0,-0.5,11.25,7.5,1.0,-0.09368191721132896,0.0,11.973041923489973,-20.934839470934378
53,Detroit Lions,det,Minnesota Vikings,min,5,-0.25,1.25,0.25,0.25,-19.5,1.0,0.25,-0.5,-8.0,-0.25,-3.25,-2.75,0.5,-10.5,3.75,0.75,-30.0,0.75,-7.5,11.5,-0.3,-0.059523809523809534,0.0,-138.17002269650993,-34.88973566198868
54,Tennessee Titans,oti,Jacksonville Jaguars,jax,5,0.5,7.75,-0.25,-1.0,21.5,2.5,4.0,0.0,46.75,0.25,5.25,11.25,0.25,51.5,631.25,2.75,73.0,-0.5,5.5,25.25,-0.30000000000000004,0.03954802259887008,1.0,235.66074624446014,75.29547489992053
55,New England Patriots,nwe,Houston Texans,htx,5,0.0,4.5,-0.25,-0.25,63.0,12.75,11.25,-0.25,71.0,-1.25,1.0,-6.25,-0.25,-14.0,178.25,0.25,48.5,0.0,-8.5,8.0,0.3333333333333333,-0.00438005390835583,1.0,88.12708999193,63.26837406576421
56,Green Bay Packers,gnb,Cincinnati Bengals,cin,5,0.0,4.0,0.5,-0.5,-2.0,6.0,1.75,-0.25,-5.75,-0.75,0.75,0.5,0.25,-5.5,63.75,-0.5,-7.5,-0.25,1.0,-3.75,-0.09999999999999998,0.06666666666666665,1.0,155.92494598180997,74.10916384353041
57,Cleveland Browns,cle,Los Angeles Chargers,sdg,5,0.0,-1.25,0.5,-0.25,-71.25,-13.0,-9.75,-1.75,-60.75,-2.25,1.25,9.0,1.75,69.5,123.25,1.25,-1.75,0.0,-21.25,10.5,-0.30000000000000004,-0.07914438502673798,0.0,28.461455016270065,-59.582407928971264
58,Chicago Bears,chi,Las Vegas Raiders,rai,5,-0.25,-5.75,-0.75,0.0,-211.75,-17.25,-12.0,-1.75,-197.5,-1.75,-10.0,3.25,0.5,42.25,-252.75,1.0,-169.5,0.25,-12.25,14.25,-0.19047619047619047,-0.13968253968253969,1.0,-37.940556814420006,-129.47186558220517
59,New York Giants,nyg,Dallas Cowboys,dal,5,-0.5,-6.0,0.25,-0.25,27.5,2.75,-1.0,-1.5,29.5,-0.25,-10.75,-7.25,-0.25,-64.25,-130.75,0.25,-36.75,0.0,-2.75,2.0,-0.16666666666666669,-0.07142857142857145,0.0,-96.41747027711995,-67.2802097441506
60,San Francisco 49ers,sfo,Arizona Cardinals,crd,5,-0.5,-0.25,0.75,-0.5,-42.75,0.75,-3.5,-0.25,-46.5,-0.75,-8.25,-2.0,-0.5,-22.0,-154.75,-0.25,-64.75,0.5,20.75,-3.75,-0.19999999999999996,-0.05681818181818182,0.0,-97.09801973146,-137.57355052531096
61,Buffalo Bills,buf,Kansas City Chiefs,kan,5,0.25,-2.25,1.0,-0.5,-38.5,4.5,-0.25,-1.25,-38.5,-0.25,0.0,6.25,0.75,15.0,231.0,0.0,-23.5,-0.75,2.5,0.0,0.42857142857142855,-0.14102564102564108,1.0,30.196115225259973,-15.940380419851778
62,Indianapolis Colts,clt,Baltimore Ravens,rav,5,-0.5,-0.5,-0.75,-0.25,-41.5,4.75,3.75,0.25,-33.0,-2.0,-5.5,-5.0,-1.0,-52.5,23.75,-0.25,-94.0,-0.25,-14.25,8.5,-0.32142857142857145,0.03254901960784312,0.0,-93.52923258041005,-88.87634783220405
63,Tampa Bay Buccaneers,tam,Philadelphia Eagles,phi,6,0.4,5.599999999999998,-0.19999999999999996,-0.19999999999999996,93.19999999999999,9.0,6.799999999999997,1.6,88.60000000000002,-2.0,10.399999999999999,-2.0,-0.19999999999999996,-34.400000000000006,211.79999999999995,-0.19999999999999996,58.799999999999955,0.19999999999999996,2.0,-4.600000000000001,0.375,0.08162267839687204,1.0,230.12555889220016,89.5966608044333
64,Miami Dolphins,mia,Jacksonville Jaguars,jax,6,0.2,-3.1999999999999993,0.40000000000000013,-1.0,-27.19999999999999,2.799999999999997,3.1999999999999993,-0.19999999999999996,-14.599999999999994,1.0,-2.8000000000000007,-5.399999999999999,-0.6,-59.0,16.59999999999991,1.6,-86.19999999999999,-0.6000000000000001,2.6000000000000014,12.6,-0.125,0.02657342657342654,0.0,179.99777106762986,-2.8497418461794553
65,Green Bay Packers,gnb,Chicago Bears,chi,6,0.20000000000000007,3.8000000000000007,-0.4,0.0,133.8,9.600000000000001,7.599999999999998,1.6,116.20000000000002,-1.7999999999999998,7.199999999999999,-4.600000000000001,-0.6,-26.200000000000003,118.20000000000005,-1.4,107.60000000000002,0.19999999999999996,-14.399999999999999,-17.599999999999998,0.2571428571428571,0.10098522167487689,1.0,118.73009183075987,173.46055129189477
66,Minnesota Vikings,min,Carolina Panthers,car,6,-0.19999999999999996,-1.3999999999999986,0.19999999999999996,-0.7999999999999999,13.400000000000006,1.7999999999999972,2.8000000000000007,0.8,8.199999999999989,-0.20000000000000018,-0.3999999999999986,-2.599999999999998,-1.2,6.0,-222.39999999999986,-0.9999999999999998,19.400000000000034,-0.5999999999999999,7.200000000000003,-5.200000000000001,0.0,0.008951406649616356,1.0,8.042330228450055,84.5167735714312
67,Kansas City Chiefs,kan,Washington Football Team,was,6,0.0,6.199999999999999,0.3999999999999999,0.19999999999999996,52.79999999999998,6.0,6.0,1.6,53.80000000000001,-0.5999999999999996,6.199999999999999,-1.8000000000000007,-0.4,19.39999999999999,123.40000000000009,0.19999999999999996,72.19999999999999,0.8000000000000003,-11.600000000000001,1.0,-0.6,0.28315054835493525,1.0,154.55841247266994,179.4890477657455
68,Los Angeles Chargers,sdg,Baltimore Ravens,rav,6,0.0,1.6000000000000014,-0.3999999999999999,0.0,11.199999999999989,8.200000000000003,5.400000000000002,1.0,11.399999999999977,1.2000000000000002,1.1999999999999993,-5.0,-0.19999999999999996,-40.400000000000006,-119.0,-0.8,-29.200000000000045,-0.19999999999999996,14.600000000000009,0.1999999999999993,0.125,0.14046653144016225,0.0,-65.39624416726997,-14.055603409663519
69,Los Angeles Rams,ram,New York Giants,nyg,6,0.6000000000000001,1.4000000000000021,-0.3999999999999999,0.0,25.399999999999977,-2.200000000000003,0.0,1.4,21.799999999999955,-2.8000000000000003,7.599999999999998,1.6000000000000014,-0.19999999999999996,2.200000000000003,-30.59999999999991,-0.8,27.599999999999966,0.0,-15.799999999999997,-3.6000000000000005,0.0,0.07891705069124433,1.0,214.08621164470014,41.09646651162785
70,Cincinnati Bengals,cin,Detroit Lions,det,6,0.6,-6.399999999999999,-1.0,0.6,-1.799999999999983,-10.399999999999999,-5.399999999999999,0.8000000000000003,-6.800000000000011,-0.5999999999999996,3.1999999999999993,1.3999999999999986,-0.20000000000000007,-4.0,20.399999999999864,0.0,-5.800000000000011,0.0,1.2000000000000028,-5.0,0.39393939393939403,0.05145278450363194,1.0,115.82336740807,-1.5430470648189498
71,Houston Texans,htx,Indianapolis Colts,clt,6,0.0,-8.000000000000002,0.8,0.6,-46.39999999999998,-7.600000000000001,-5.0,0.20000000000000018,-52.39999999999998,3.3999999999999995,-3.8000000000000007,-1.0,0.0,-34.400000000000006,-310.4000000000001,0.0,-80.79999999999995,0.6000000000000001,22.199999999999996,-6.0,0.16666666666666674,0.02446782481037435,0.0,-134.01507486103014,-64.52162278643299
72,Arizona Cardinals,crd,Cleveland Browns,cle,6,0.4,-0.7999999999999972,0.40000000000000013,0.4,55.19999999999999,4.0,5.400000000000002,1.2,54.39999999999998,0.39999999999999947,3.0,-4.800000000000001,-0.7999999999999998,-59.599999999999994,-149.80000000000018,-0.6000000000000001,-4.400000000000034,0.19999999999999996,-11.600000000000001,-0.8000000000000007,0.5454545454545454,0.010582010582010581,1.0,41.81191012735985,77.48652967250607
73,Dallas Cowboys,dal,New England Patriots,nwe,6,0.4,6.799999999999997,0.0,-0.4,27.0,-5.199999999999996,-2.799999999999997,1.6,20.399999999999977,0.7999999999999998,14.8,10.8,0.6,92.4,100.20000000000005,-0.40000000000000013,119.80000000000001,-0.8,0.8000000000000043,-6.600000000000001,-0.16666666666666674,0.08329321136254214,1.0,30.817645537629915,125.47029637122816
74,Las Vegas Raiders,rai,Denver Broncos,den,6,0.0,0.8000000000000007,0.9999999999999999,0.4,59.19999999999999,7.0,3.0,0.20000000000000018,62.39999999999998,1.5999999999999996,2.200000000000003,-1.8000000000000007,0.20000000000000007,-40.0,-37.0,0.20000000000000018,19.19999999999999,0.0,10.400000000000006,3.200000000000003,-0.5555555555555556,0.1285714285714285,1.0,17.760917921730197,13.716988276776192
75,Seattle Seahawks,sea,Pittsburgh Steelers,pit,6,0.0,0.3999999999999986,-0.19999999999999996,-0.4,1.0,-10.600000000000001,-4.800000000000001,1.0000000000000002,8.199999999999989,-0.7999999999999998,5.199999999999999,3.0,0.4,30.400000000000006,-237.0,0.3999999999999999,31.399999999999977,-0.6,-1.2000000000000028,7.199999999999999,0.0,-0.09245516388373537,0.0,52.01133230552,-55.20056212787391
76,Buffalo Bills,buf,Tennessee Titans,oti,6,0.20000000000000007,-1.7999999999999972,0.8,-0.19999999999999996,48.599999999999994,2.200000000000003,1.0,1.2,24.400000000000006,0.20000000000000018,8.0,-3.1999999999999993,-0.20000000000000018,-27.400000000000006,-148.0,-3.0,21.19999999999999,-0.5999999999999999,5.799999999999997,-24.2,-0.12698412698412698,0.10703933747412003,0.0,151.51381062267,100.8909271599639
77,Denver Broncos,den,Cleveland Browns,cle,7,0.0,-1.1666666666666679,-0.8333333333333333,0.33333333333333337,23.0,7.166666666666668,5.666666666666668,0.6666666666666667,24.50000000000003,-0.3333333333333339,-5.0,-6.833333333333336,-1.5,-51.0,-10.333333333333485,0.16666666666666652,-28.0,0.16666666666666652,-13.499999999999993,1.5,0.35,-0.08486034513431778,0.0,-90.57129064095011,36.10375419925988
78,Washington Football Team,was,Green Bay Packers,gnb,7,-0.5,-1.0,0.5,0.5,-4.166666666666657,1.8333333333333357,0.0,-0.5,-16.833333333333314,2.333333333333333,-1.3333333333333321,-0.5,0.16666666666666674,-3.1666666666666714,-214.66666666666674,-1.3333333333333335,-7.333333333333314,0.6666666666666666,12.833333333333336,-12.666666666666668,0.09999999999999998,-0.06378424657534243,0.0,-233.01969297505002,-147.27662424438444
79,Cincinnati Bengals,cin,Baltimore Ravens,rav,7,-0.16666666666666674,-6.333333333333332,-1.1666666666666667,0.33333333333333337,-28.166666666666657,-3.166666666666668,-1.1666666666666643,1.0,-23.166666666666686,-1.0,-3.6666666666666643,-4.666666666666668,-1.0,-48.999999999999986,-114.0,0.0,-77.16666666666669,0.0,-14.666666666666664,5.0,0.0,0.02859381120250687,1.0,-169.38070230616995,-67.17043463048324
80,Kansas City Chiefs,kan,Tennessee Titans,oti,7,-0.16666666666666663,3.666666666666668,0.6666666666666666,0.6666666666666666,88.0,6.5,6.333333333333332,2.0,69.0,-0.5,3.1666666666666643,-6.666666666666668,-1.1666666666666665,-39.16666666666666,-161.83333333333348,-1.6666666666666667,48.833333333333314,1.0000000000000002,-12.166666666666671,-19.0,-0.26666666666666666,0.2154411764705882,0.0,58.71415360284004,93.78184493797417
81,Carolina Panthers,car,New York Giants,nyg,7,0.33333333333333337,2.0,-0.5,0.16666666666666674,-26.49999999999997,-1.6666666666666643,-1.5,0.33333333333333337,-24.5,0.666666666666667,4.833333333333332,5.333333333333332,0.33333333333333326,19.66666666666667,293.6666666666665,1.0,-6.833333333333371,0.16666666666666674,-0.3333333333333357,1.9999999999999982,0.2142857142857143,-0.02662337662337655,0.0,77.8124906249302,-24.03410934998665
82,New York Jets,nyj,New England Patriots,nwe,7,-0.1333333333333333,-3.566666666666668,-0.33333333333333326,0.8,-42.66666666666666,-1.2999999999999972,-5.733333333333331,-0.3666666666666667,-29.433333333333337,1.0,-7.433333333333332,-1.8666666666666671,-0.2333333333333334,-13.0,-96.5,1.4333333333333336,-55.333333333333314,-0.033333333333333215,10.833333333333336,13.23333333333333,-0.3809523809523809,-0.040100250626566414,0.0,-138.09991988708998,-63.54539717152704
83,Atlanta Falcons,atl,Miami Dolphins,mia,7,0.23333333333333336,4.266666666666669,-0.26666666666666683,-0.06666666666666665,36.099999999999994,1.8999999999999986,2.5333333333333314,0.8333333333333333,28.566666666666634,0.09999999999999964,4.5,5.433333333333334,-0.09999999999999998,19.5,242.33333333333326,-1.0666666666666664,55.60000000000002,-0.30000000000000004,5.100000000000001,-7.533333333333331,-0.12500000000000006,0.06808943089430891,1.0,8.801871637830118,69.83064913993837
84,Detroit Lions,det,Los Angeles Rams,ram,7,-0.8333333333333334,0.16666666666666785,0.0,-0.16666666666666674,-68.33333333333334,6.166666666666671,3.333333333333332,-1.4999999999999998,-55.49999999999997,2.166666666666667,-11.666666666666664,-4.166666666666668,0.0,-11.666666666666671,22.666666666666742,1.5,-80.0,0.16666666666666652,10.833333333333336,12.833333333333334,-0.3589743589743589,-0.10426439232409374,0.0,-316.42557543605017,-58.23271966395737
85,Philadelphia Eagles,phi,Las Vegas Raiders,rai,7,-0.3333333333333333,-1.0,-0.16666666666666652,0.0,-72.99999999999997,-3.8333333333333286,-3.1666666666666643,-0.3333333333333335,-77.66666666666666,1.333333333333333,-1.6666666666666679,-2.0,0.16666666666666674,33.83333333333334,-306.83333333333326,-0.8333333333333335,-39.166666666666686,0.16666666666666674,-3.000000000000007,-4.666666666666666,-0.1111111111111111,-0.01851851851851849,0.0,-87.8894326509801,-21.7420666120195
86,Houston Texans,htx,Arizona Cardinals,crd,7,-0.8333333333333334,-7.499999999999998,-0.5,0.5000000000000001,-65.16666666666666,-2.0,-4.166666666666668,-1.0000000000000002,-68.83333333333334,0.8333333333333339,-17.0,-5.166666666666664,-0.8333333333333333,-43.499999999999986,-262.33333333333326,0.3333333333333335,-108.66666666666669,0.9999999999999999,7.833333333333336,-3.666666666666666,-0.3749999999999999,0.005693581780538359,0.0,-270.82591724651,-169.26527686837687
87,Chicago Bears,chi,Tampa Bay Buccaneers,tam,7,-0.33333333333333337,-8.0,0.0,0.16666666666666663,-223.5,-20.166666666666668,-16.0,-2.3333333333333335,-200.49999999999997,-1.5,-16.166666666666668,6.833333333333336,0.16666666666666674,43.66666666666667,-173.5,2.1666666666666665,-179.83333333333334,-0.16666666666666663,-22.0,23.0,-0.17777777777777776,-0.16033755274261602,0.0,-180.84453546748,-205.46633464265898
88,Indianapolis Colts,clt,San Francisco 49ers,sfo,7,-0.06666666666666671,-0.8666666666666671,-0.7333333333333333,-0.26666666666666666,-2.866666666666646,-0.20000000000000284,0.3999999999999986,-0.10000000000000009,5.866666666666674,-2.2,-0.23333333333333073,-2.3000000000000007,-0.3666666666666666,2.1666666666666714,7.2666666666666515,0.5333333333333334,-0.6999999999999886,-0.5666666666666665,-31.26666666666666,8.733333333333333,0.05555555555555558,0.02434948675101456,1.0,46.21957569148003,5.3822670249400915
89,New Orleans Saints,nor,Seattle Seahawks,sea,7,0.26666666666666666,-1.1333333333333329,-0.9666666666666668,0.46666666666666673,-63.93333333333334,-5.0,-5.9,0.3999999999999999,-75.19999999999999,0.16666666666666696,2.0666666666666664,7.366666666666667,0.0,15.133333333333326,240.06666666666683,-1.2,-48.80000000000001,0.33333333333333337,2.5333333333333385,-11.266666666666667,0.5,0.1031656302996043,1.0,84.11218094712012,27.95837621179612
90,Green Bay Packers,gnb,Arizona Cardinals,crd,8,-0.1428571428571429,-2.2857142857142847,-1.1428571428571428,-0.28571428571428575,-29.714285714285694,0.7142857142857117,-1.1428571428571423,-0.2857142857142856,-32.0,-2.2857142857142856,-8.142857142857146,-7.571428571428573,-0.7142857142857144,-34.571428571428584,-112.14285714285711,0.1428571428571428,-64.28571428571433,0.0,-11.571428571428577,-2.2857142857142847,-0.4285714285714286,-0.02339181286549713,1.0,12.472616673929906,9.104680410359805
91,Miami Dolphins,mia,Buffalo Bills,buf,8,-0.5238095238095237,-5.619047619047617,-0.23809523809523814,0.3571428571428571,-53.4047619047619,0.9047619047619051,1.404761904761905,-0.9285714285714286,-43.23809523809527,-0.23809523809523814,-15.690476190476193,-9.26190476190476,-0.7380952380952381,-50.52380952380952,-253.42857142857133,1.0952380952380951,-103.92857142857144,0.738095238095238,-9.92857142857143,10.166666666666668,0.125,-0.08064516129032262,0.0,-254.37047410598007,-124.93510939704956
92,Carolina Panthers,car,Atlanta Falcons,atl,8,-0.07142857142857145,-0.6428571428571423,-0.47619047619047616,0.47619047619047616,-40.190476190476176,-3.595238095238095,-5.380952380952383,-1.0,-32.571428571428584,0.7142857142857144,-1.6428571428571423,2.5476190476190474,0.6428571428571428,14.023809523809533,113.11904761904748,1.9285714285714284,-26.166666666666686,0.23809523809523814,-5.88095238095238,7.619047619047619,0.26136363636363635,-0.14303405572755423,1.0,-28.98566581753994,-108.25713139821853
93,Cincinnati Bengals,cin,New York Jets,nyj,8,0.5476190476190477,1.7142857142857153,-0.5714285714285714,-0.6904761904761905,62.38095238095238,-5.071428571428573,0.33333333333333215,1.7380952380952381,52.0952380952381,-2.3809523809523814,13.666666666666666,6.404761904761905,0.04761904761904767,34.85714285714286,204.90476190476193,-0.9047619047619051,97.23809523809524,-0.7142857142857142,-21.595238095238095,-10.285714285714285,0.47777777777777775,-0.017090139140955918,0.0,218.84588877963984,138.8024132134289
94,Los Angeles Rams,ram,Houston Texans,htx,8,0.7142857142857142,7.571428571428571,-0.5714285714285715,-0.2857142857142857,107.2857142857143,4.0,3.571428571428573,1.5714285714285716,101.28571428571428,-3.2857142857142856,15.714285714285715,1.2857142857142847,0.28571428571428575,14.714285714285722,44.85714285714289,-1.2857142857142856,122.0,-0.7142857142857142,-27.571428571428577,-6.0,0.0714285714285714,0.07293814432989698,1.0,272.91190037010006,145.9714037053011
95,Philadelphia Eagles,phi,Detroit Lions,det,8,0.2857142857142857,-2.0,0.5714285714285715,-0.2857142857142857,-5.142857142857139,-4.714285714285715,-4.857142857142858,0.2857142857142858,-10.571428571428584,1.8571428571428577,4.428571428571431,-0.1428571428571459,0.4285714285714285,18.428571428571416,-221.0,-0.4285714285714284,13.285714285714278,-0.4285714285714286,7.285714285714285,-5.428571428571431,-0.041666666666666685,0.05882352941176461,1.0,100.40830709813008,22.497348670648165
96,Tennessee Titans,oti,Indianapolis Colts,clt,8,0.28571428571428575,3.1428571428571423,-0.4285714285714285,0.4285714285714286,-2.5714285714285836,1.0,1.142857142857146,-0.4285714285714286,4.0,2.0,3.4285714285714306,5.285714285714288,0.8571428571428572,27.857142857142847,158.71428571428578,0.8571428571428572,25.285714285714278,0.2857142857142858,13.857142857142861,6.571428571428573,0.0,0.0356777493606138,1.0,28.82426050894992,26.44880740248317
97,Pittsburgh Steelers,pit,Cleveland Browns,cle,8,-0.0714285714285714,-3.619047619047617,-0.1428571428571428,0.23809523809523808,19.666666666666657,9.309523809523807,5.785714285714285,0.16666666666666674,12.642857142857139,-0.666666666666667,-5.214285714285715,-10.595238095238098,-1.1904761904761907,-89.26190476190474,-187.2619047619046,-0.7142857142857144,-69.59523809523813,0.16666666666666674,-23.214285714285708,-7.023809523809524,-0.4375,0.004545454545454519,1.0,-32.558303884349925,31.057461468176854
98,San Francisco 49ers,sfo,Chicago Bears,chi,8,-0.09523809523809523,3.095238095238095,0.23809523809523814,-0.16666666666666663,108.90476190476191,6.309523809523807,3.833333333333332,1.0714285714285714,88.1904761904762,0.33333333333333304,8.071428571428571,-1.1428571428571423,0.16666666666666674,-10.833333333333329,57.33333333333326,-1.8809523809523812,98.07142857142858,0.40476190476190466,27.83333333333333,-20.714285714285715,0.30000000000000004,0.0017857142857142794,1.0,-21.96379408035,68.29095806549874
99,Jacksonville Jaguars,jax,Seattle Seahawks,sea,8,-0.11904761904761904,1.9523809523809526,0.33333333333333326,1.0476190476190474,15.73809523809524,8.0,2.2142857142857153,-0.6904761904761905,0.8809523809523796,-0.023809523809523725,-2.095238095238095,-0.928571428571427,0.30952380952380965,14.11904761904762,7.928571428571331,-1.6190476190476188,29.857142857142833,1.4285714285714286,0.5952380952380949,-14.857142857142858,0.6363636363636365,-0.001635657329789375,0.0,-220.6395906926998,6.210515162365482
100,New England Patriots,nwe,Los Angeles Chargers,sdg,8,-0.23809523809523808,-2.0,0.3095238095238094,0.19047619047619047,-23.26190476190476,-4.88095238095238,-1.1190476190476168,-0.9047619047619049,-19.73809523809524,-1.166666666666667,0.9047619047619051,0.8333333333333321,0.45238095238095244,1.0476190476190368,33.85714285714289,0.16666666666666674,-22.5,0.5714285714285714,-12.857142857142854,3.5238095238095237,0.08333333333333337,-0.006818181818181779,1.0,-54.302823321979986,-79.90918128957324
101,Tampa Bay Buccaneers,tam,New Orleans Saints,nor,8,0.19047619047619047,8.166666666666668,0.6428571428571428,-0.23809523809523808,148.11904761904762,18.309523809523814,14.380952380952381,0.8333333333333335,145.33333333333334,0.6904761904761898,9.952380952380953,-7.595238095238095,0.16666666666666663,-21.35714285714286,91.61904761904748,-0.5476190476190474,126.76190476190476,0.0,12.714285714285708,-2.7857142857142865,-0.19642857142857156,0.0922457823866275,0.0,60.31177283764987,114.70527342438254
102,Washington Football Team,was,Denver Broncos,den,8,-0.14285714285714285,0.571428571428573,1.0,0.1428571428571429,-10.428571428571416,-1.5714285714285694,-2.8571428571428577,-0.2857142857142856,-20.428571428571445,0.4285714285714288,0.8571428571428577,2.2857142857142847,0.28571428571428575,12.42857142857143,-171.42857142857133,-1.5714285714285714,2.0,0.2857142857142856,4.142857142857139,-10.0,-0.2692307692307693,0.02705627705627711,0.0,-19.450906266419906,-51.20657436819407
103,Dallas Cowboys,dal,Minnesota Vikings,min,8,0.33333333333333337,5.0,0.0,0.3333333333333333,10.166666666666686,-3.8333333333333357,-1.3333333333333321,0.5,9.166666666666629,0.5,9.666666666666664,4.0000000000000036,0.6666666666666667,36.500000000000014,28.666666666666515,0.0,46.66666666666663,0.33333333333333337,0.8333333333333428,-1.0,-0.09999999999999998,0.0666666666666666,1.0,38.36224682498005,-227.73260721382545
104,New York Giants,nyg,Kansas City Chiefs,kan,8,-0.14285714285714285,-6.142857142857142,-0.2857142857142856,-0.4285714285714287,-40.57142857142861,-3.5714285714285694,-4.0,-1.7142857142857144,-33.71428571428572,0.0,-7.0,0.2857142857142847,0.2857142857142857,-26.42857142857143,-35.0,0.0,-67.0,-1.1428571428571426,-3.0,6.857142857142856,-0.045454545454545414,-0.18252347897100862,0.0,-172.38685769517997,-99.09636850970168
105,New York Jets,nyj,Indianapolis Colts,clt,9,-0.0892857142857143,-2.8392857142857153,-0.25,1.3571428571428572,1.9821428571428612,3.0535714285714306,2.0357142857142847,-0.6071428571428572,12.125,1.9821428571428568,-8.714285714285715,-5.357142857142858,-0.2857142857142857,-46.42857142857143,-151.8571428571429,1.1428571428571428,-44.446428571428555,0.8928571428571428,10.42857142857143,10.142857142857142,-0.3931623931623932,0.029247752361443002,0.0,-201.80562223956986,-75.31379227722404
106,Cleveland Browns,cle,Cincinnati Bengals,cin,9,-0.125,4.125,0.625,-0.75,-43.125,-1.0,-1.375,-1.75,-45.5,2.375,-4.625,6.0,1.0,62.5,173.5,0.375,19.375,-0.25,26.375,-2.375,-0.24747474747474746,0.016410687986534833,1.0,-6.234613439180066,-24.441658837780807
107,New England Patriots,nwe,Carolina Panthers,car,9,0.0,0.125,0.25,-0.25,39.375,0.125,3.625,0.375,37.25,-1.125,5.125,-3.375,0.125,-13.0,-139.375,-1.125,26.125,0.0,6.375,-2.125,-0.036363636363636376,0.09145527369826434,1.0,61.34905190826021,38.213149962026165
108,Minnesota Vikings,min,Baltimore Ravens,rav,9,-0.28571428571428575,-1.7142857142857117,0.0,-0.4285714285714286,2.571428571428555,5.714285714285715,5.571428571428569,0.5714285714285714,-2.571428571428612,1.5714285714285712,-3.4285714285714306,-2.8571428571428577,-1.1428571428571428,-25.428571428571416,-100.57142857142844,-1.5714285714285714,-22.857142857142833,-0.4285714285714285,8.285714285714285,-5.142857142857142,0.0714285714285714,-0.007563025210084062,0.0,-101.15873375367005,1.2654395194369101
109,Las Vegas Raiders,rai,New York Giants,nyg,9,0.4642857142857143,0.32142857142857295,-0.3571428571428572,-0.1607142857142857,51.35714285714283,0.375,1.5892857142857153,0.7142857142857142,51.64285714285717,0.8214285714285712,6.214285714285715,1.0892857142857153,0.2678571428571428,-3.8214285714285694,137.375,0.3035714285714284,47.53571428571428,-0.5357142857142857,12.67857142857143,0.2857142857142847,-0.0615384615384616,0.01904761904761909,0.0,118.82032445360005,68.62727901838147
110,Atlanta Falcons,atl,New Orleans Saints,nor,9,-0.28571428571428575,1.8571428571428577,0.7142857142857144,0.2857142857142857,66.14285714285714,11.42857142857143,10.285714285714288,-0.2857142857142856,67.57142857142858,0.0,-4.0,-7.714285714285712,-0.42857142857142855,-38.0,-75.42857142857156,0.0,28.142857142857167,0.5714285714285715,-3.4285714285714306,1.4285714285714288,-0.191919191919192,0.06563467492260061,1.0,-221.78605781042006,85.8665042073927
111,Houston Texans,htx,Miami Dolphins,mia,9,0.0,-3.625,0.0,0.125,-18.25,-7.75,-4.5,-0.125,-18.75,0.375,-2.375,2.375,0.0,-2.5,-46.125,0.25,-20.75,0.0,10.875,-0.5,-0.038461538461538436,-0.007373746034467943,0.0,-62.23106580583999,11.193442460918533
112,Buffalo Bills,buf,Jacksonville Jaguars,jax,9,0.5714285714285714,4.571428571428569,0.4285714285714286,-0.8571428571428572,43.14285714285714,0.7142857142857153,2.7142857142857153,1.2857142857142856,39.71428571428572,0.2857142857142856,15.142857142857142,6.0,0.1428571428571428,10.42857142857143,321.8571428571429,-0.4285714285714286,53.571428571428555,-1.1428571428571428,7.857142857142861,-3.428571428571428,-0.2,0.1737491877842755,0.0,392.5791883059401,161.2173768907495
113,Denver Broncos,den,Dallas Cowboys,dal,9,-0.3571428571428571,-6.964285714285715,-1.0714285714285714,0.0357142857142857,-68.23214285714283,-2.107142857142854,-2.1607142857142847,-0.9464285714285716,-60.196428571428555,-2.7857142857142865,-12.517857142857146,-7.642857142857142,-0.3571428571428571,-48.375,-89.60714285714289,1.4107142857142858,-116.60714285714283,-0.03571428571428581,-19.94642857142857,8.035714285714286,0.2692307692307693,-0.1253754588942041,1.0,-121.03657093434003,-119.08032317018143
114,Los Angeles Chargers,sdg,Philadelphia Eagles,phi,9,0.1964285714285714,1.6428571428571423,-0.5357142857142857,0.3571428571428571,55.48214285714283,7.910714285714285,5.696428571428573,1.0357142857142856,56.10714285714283,-0.6428571428571432,-0.803571428571427,-3.5357142857142847,-0.6428571428571429,-27.19642857142857,73.92857142857133,0.25,28.285714285714278,0.2678571428571428,13.17857142857143,0.625,0.358974358974359,0.024256292906178534,1.0,83.7595672627101,31.457444561615176
115,Arizona Cardinals,crd,San Francisco 49ers,sfo,9,0.44642857142857145,2.1607142857142847,0.4464285714285714,0.1607142857142857,18.875,0.42857142857142705,3.821428571428573,0.8392857142857142,29.928571428571416,0.07142857142857117,6.75,2.9107142857142847,0.0714285714285714,5.035714285714292,144.17857142857133,0.6785714285714286,23.910714285714278,-0.4464285714285714,-22.14285714285714,11.053571428571429,0.4545454545454546,0.11456043956043954,1.0,139.17409377345007,-11.980277270388257
116,Green Bay Packers,gnb,Kansas City Chiefs,kan,9,0.375,-5.875,-0.875,-0.875,-66.75,-9.5,-6.125,-0.25,-61.0,-2.5,-2.0,1.5,-0.125,-8.625,73.625,0.25,-75.375,-1.625,-13.25,5.75,0.045454545454545414,-0.12722832722832728,0.0,86.18347751053989,-121.59427809633783
117,Tennessee Titans,oti,Los Angeles Rams,ram,9,-0.125,0.75,0.0,0.25,-72.25,-1.5,-1.875,-1.375,-58.625,3.0,-2.25,6.0,0.75,43.5,295.75,2.0,-28.75,0.5,33.75,13.625,0.16666666666666663,-0.030345800988002825,1.0,-42.229052288169896,-48.55224863327953
118,Chicago Bears,chi,Pittsburgh Steelers,pit,9,-0.1964285714285714,-0.875,0.5,0.4285714285714286,-117.05357142857142,-12.57142857142857,-8.625,-0.6428571428571428,-96.80357142857142,-0.8214285714285712,-3.4821428571428577,6.714285714285715,0.2857142857142857,50.625,-36.875,1.75,-66.42857142857144,0.375,0.9821428571428541,20.25,0.050505050505050525,-0.061233729485002775,0.0,-79.24478264611002,-114.84847526918368
133,New England Patriots,nwe,Atlanta Falcons,atl,11,0.15555555555555556,2.055555555555557,-0.1333333333333333,-0.30000000000000004,0.3666666666666458,-3.4777777777777814,-1.1333333333333329,-0.16666666666666674,2.47777777777776,0.13333333333333286,7.722222222222221,4.222222222222221,0.8555555555555556,31.811111111111117,142.73333333333335,0.12222222222222223,31.97777777777776,-0.04444444444444451,3.7222222222222214,2.1111111111111107,0.3333333333333334,0.06586942469295409,1.0,144.3393929726601,-32.984559192741415
134,Washington Football Team,was,Carolina Panthers,car,11,-0.16666666666666669,0.6000000000000014,0.34444444444444433,-0.19999999999999996,25.099999999999994,-0.7333333333333343,1.6666666666666679,0.5333333333333332,24.71111111111111,-1.844444444444445,0.055555555555557135,-2.62222222222222,-0.3222222222222223,-0.5555555555555571,-145.76666666666665,-0.2777777777777777,24.54444444444448,-0.14444444444444438,-8.766666666666666,-0.3888888888888893,-0.1071428571428572,0.022296544035674493,1.0,-46.41825291038003,-37.919386379988296
135,Indianapolis Colts,clt,Buffalo Bills,buf,11,-0.16666666666666663,-2.4666666666666686,-0.4666666666666668,-0.2666666666666666,-52.122222222222234,-4.988888888888887,-4.37777777777778,-0.4111111111111112,-49.811111111111074,-2.7555555555555555,-4.31111111111111,0.23333333333333073,-0.1333333333333333,14.411111111111126,-14.011111111111177,0.24444444444444446,-37.71111111111111,-0.11111111111111116,-23.522222222222226,2.31111111111111,0.3,-0.09829059829059822,1.0,-104.43666553662001,-110.12694214613913
136,New Orleans Saints,nor,Philadelphia Eagles,phi,11,0.15555555555555556,-0.4888888888888907,-0.6333333333333334,-0.05555555555555558,-3.3777777777777658,0.43333333333333357,-0.6000000000000014,0.8111111111111111,-2.333333333333343,-0.5555555555555554,-1.0333333333333314,0.6444444444444422,-0.5111111111111111,-25.611111111111114,170.54444444444425,0.18888888888888888,-28.988888888888937,0.0888888888888888,-0.9111111111111114,1.0444444444444443,0.25,-0.06783489096573209,0.0,148.69483543347997,-74.08701717359547
137,Houston Texans,htx,Tennessee Titans,oti,11,-0.6888888888888889,-7.133333333333335,0.7444444444444445,0.4222222222222223,-11.566666666666663,1.2111111111111157,0.46666666666666856,-0.18888888888888888,-13.233333333333348,0.5222222222222221,-13.57777777777778,-8.833333333333332,-1.1555555555555557,-55.82222222222222,-320.18888888888887,-0.011111111111111072,-67.38888888888891,0.6888888888888889,-0.5666666666666629,-1.6666666666666679,-0.1688311688311689,-0.017126148705096045,1.0,-311.5597144163901,-54.46921860858818
138,Miami Dolphins,mia,New York Jets,nyj,11,0.07777777777777778,-1.3999999999999986,0.7,-1.1,-27.56666666666669,-0.6111111111111143,0.31111111111111,-0.24444444444444446,-29.900000000000006,-0.41111111111111054,-0.18888888888889,0.17777777777777715,-0.06666666666666665,-2.7333333333333343,-32.57777777777778,-0.0777777777777775,-30.30000000000001,-0.6444444444444446,-4.833333333333336,-2.333333333333332,0.20512820512820512,-0.016640866873064986,1.0,138.42167567797992,38.006863551987635
139,Green Bay Packers,gnb,Minnesota Vikings,min,11,0.3555555555555556,0.11111111111111072,-0.12222222222222223,0.2777777777777778,-32.122222222222234,-4.288888888888884,-3.7777777777777786,-0.19999999999999996,-27.26666666666668,-3.366666666666667,-2.9555555555555557,-1.5888888888888886,0.25555555555555554,-13.144444444444446,80.58888888888896,0.6666666666666667,-45.26666666666671,0.2333333333333334,-32.022222222222226,4.855555555555556,-0.19393939393939386,0.04802955665024633,0.0,151.8652062704,-7.069066501320805
140,San Francisco 49ers,sfo,Jacksonville Jaguars,jax,11,0.2222222222222222,2.0,0.11111111111111094,-0.33333333333333337,30.666666666666686,-5.888888888888889,-1.6666666666666679,0.5555555555555556,30.444444444444457,-0.666666666666667,7.444444444444443,4.222222222222225,0.22222222222222232,-1.1111111111111143,133.66666666666674,0.11111111111111116,29.555555555555543,-0.11111111111111116,12.55555555555555,-0.2222222222222232,-0.04977375565610864,0.06263232180663375,1.0,199.48383162616005,45.03786242404347
141,Detroit Lions,det,Cleveland Browns,cle,11,-0.4444444444444444,-0.26666666666666927,-0.30000000000000004,0.2666666666666666,1.52222222222224,7.822222222222223,5.455555555555556,-0.11111111111111116,8.622222222222234,-0.22222222222222232,-6.433333333333334,-4.633333333333333,-0.7111111111111112,-45.877777777777766,-110.94444444444434,0.0,-44.355555555555554,0.3222222222222223,-8.622222222222227,7.100000000000001,0.025691699604743157,-0.0480950311458786,0.0,-234.11574695424997,-126.84329565128068
142,Baltimore Ravens,rav,Chicago Bears,chi,11,0.3333333333333333,6.333333333333336,-0.11111111111111116,-0.11111111111111116,115.88888888888889,9.222222222222225,6.222222222222225,1.0,103.77777777777777,-0.666666666666667,9.0,1.777777777777775,0.22222222222222232,17.55555555555557,287.9999999999998,-0.5555555555555554,133.4444444444444,-0.11111111111111116,-5.555555555555557,-12.11111111111111,0.36363636363636365,-0.0036891293654697233,1.0,124.30231534671998,-75.55469345947611
143,Cincinnati Bengals,cin,Las Vegas Raiders,rai,11,0.0,-1.777777777777775,-0.3333333333333335,0.3333333333333335,-34.5555555555556,-6.333333333333336,-4.111111111111111,0.6666666666666667,-30.0,-3.2222222222222223,2.8888888888888893,2.0,0.0,12.111111111111114,24.333333333333485,0.5555555555555554,-22.444444444444457,0.33333333333333326,-28.888888888888886,4.555555555555557,0.07692307692307693,0.010260260260260279,1.0,6.065577423589957,-41.49954201614233
144,Arizona Cardinals,crd,Seattle Seahawks,sea,11,0.46666666666666673,4.266666666666669,1.0222222222222221,0.3555555555555556,47.25555555555553,2.31111111111111,3.1555555555555586,0.1333333333333333,41.32222222222225,0.833333333333333,8.588888888888889,6.8444444444444414,0.8222222222222223,26.022222222222226,319.6111111111111,-0.8222222222222224,73.27777777777777,0.43333333333333346,12.422222222222224,-5.933333333333334,0.4666666666666668,0.09183673469387754,1.0,75.43493102180992,-53.28384841504557
145,Dallas Cowboys,dal,Kansas City Chiefs,kan,11,0.1777777777777778,-1.12222222222222,-0.14444444444444438,-0.33333333333333337,-0.7666666666667084,-6.011111111111113,-2.633333333333333,-0.05555555555555536,1.0888888888889028,1.2888888888888896,5.355555555555558,5.711111111111112,0.4,29.055555555555543,49.76666666666665,-0.14444444444444438,28.28888888888889,-0.6666666666666667,13.922222222222231,1.855555555555556,-0.1657754010695186,-0.07643678160919537,0.0,-93.81253849269001,16.993554934212796
146,Pittsburgh Steelers,pit,Los Angeles Chargers,sdg,11,0.05555555555555558,-3.1111111111111143,0.6666666666666667,-0.2222222222222222,-33.55555555555554,-0.44444444444444997,-0.5555555555555571,-0.8888888888888888,-35.22222222222223,-0.11111111111111072,-4.666666666666664,2.333333333333332,-0.2222222222222222,-5.555555555555557,196.55555555555566,0.22222222222222232,-39.11111111111114,0.22222222222222232,-13.444444444444443,-1.6666666666666679,-0.2834224598930482,-0.0370216880784639,0.0,12.663171805379989,-34.67509888362861
147,New York Giants,nyg,Tampa Bay Buccaneers,tam,11,-0.3333333333333333,-3.7777777777777786,0.4444444444444444,0.0,-76.66666666666666,-7.0,-5.666666666666668,-2.0,-70.66666666666663,-0.7777777777777777,-11.11111111111111,3.1111111111111107,0.0,5.0,-66.11111111111109,0.8888888888888891,-71.66666666666669,-0.11111111111111094,-17.555555555555564,6.0,-0.03846153846153849,-0.08929374718848404,0.0,-192.65484160543997,-128.711909098844
